id,type,text1,text2,text3,text4,text5,notes
XLII_draconis,FACTION,"The Draconis Defense Alliance is a military treaty between Athebyne and Itoron, signed in the last days of the Fafnir Civil War. Once a verdant world, Athebyne now spins barren - its ruin the price the war extracted for peace.

At the centre of the Alliance stands Fleet Admiral Emil August, former commander of Itoron’s infamous 42nd Defense Fleet - the force that broke Athebyne in three days of bombardment. Hailed as a hero by some and a war criminal by others, August assumed control of the Alliance without election, consolidating military power to “preserve peace.” Itoron backs him. Those from Athebyne barely tolerate him.

Under August’s command, the Alliance has become a disciplined and lethal force, its ships and soldiers shaped by three decades of war. Yet its unity is brittle. Political infighting, old grievances, and quiet corruption threaten to shatter what little cohesion remains.

Whether the Alliance is a fragile peacekeeping body or a militarised junta depends on who you ask. But all agree on one point: as long as August remains at the helm, the Alliance endures. Barely.",,,,,
star_fafnir,CUSTOM,"A G2 type primary sequence star, estimated age is five billion years. Surface temperature is only about six thousand degrees, while core temperature could well exceed fifteen million degrees.",,,,,
star_ouroboros,CUSTOM,"Catalogued as a red supergiant, though the label hasn't fit in years. A thin ring of superheated plasma now girds the star close against its own photosphere, fed by threads of corona peeling inward along field lines with no business forming on a star this size. Readings taken toward the ring come back redshifted and gravity-heavy, then stop entirely - as if the instrument, and whatever sent it, simply stopped being there. A handful of probes and at least one surveyor corvette have logged telemetry trailing off near the ring's edge. None have reported back since. The system sits wrapped in a dense haze of charged particles, striking to look at and thick enough to blind most sensors beyond visual range.",,,,,
planet_athebyne,CUSTOM,"The ruins of Athebyne. Devasted by the civil war that engulfed the system. Its people are desperately attempting to return it to its former glory, but for now, it's mostly an inhospitable husk, left to mining companies to pick at until the restoration effort makes headway.",,,,,
planet_itoron,CUSTOM,"The Jewel of Fafnir. A pristine world with a bustling industrial sector and massive farmland. It doesn't have the MIC of Kori, but it boasts a large military presence nonetheless, especially now as the system's last naturally habitable planet.",,,,,
planet_kori,CUSTOM,Kori is the frigid moon of Itoron. A shining symbol of hope for the Itoron people. Now it houses the largest military-industrial complex in the Fafnir system and the primary headquarters for the Draconis Navy.,,,,,
planet_vorium,CUSTOM,A typical gas giant; Vorium. Its massive gravity well helps protect the habitable planets of Fafnir.,,,,,
planet_nidhogg,CUSTOM,"Nidhogg is a scorched, tidally-locked world caught in Fafnir's gravitational embrace. One hemisphere bakes under eternal daylight while the other freezes in perpetual night. Early surveys detected trace deposits of rare metals in the twilight zone, though extraction has proven economically unviable. The Alliance maintains automated sensor stations in low orbit to monitor solar activity.",,,,,
shard_abandoned_station,CUSTOM,"Athebyne's old derelict Terraforming Platform, now a long-abandoned relic, stripped of anything useful long ago by the very hands that professed its divine intent. It sits silently, watching over its once verdant child.",,,,,
planet_tiamat,CUSTOM,"Tiamat is a dense, metallic moon with a surface composition of iron and silicate rock. Its proximity to Vorium subjects it to intense tidal heating, creating a patchwork of molten lava flows across the otherwise barren landscape. Mining operations focus on extracting high-grade ores from cooled magma chambers.",,,,,
planet_jormungandr,CUSTOM,"Jormungandr is a massive ice giant orbiting at the edge of the habitable system. Its pale blue atmosphere is wracked by storms that dwarf anything seen on terrestrial worlds, with wind speeds exceeding fifteen hundred kilometers per hour. The planet serves as a navigational landmark for vessels transitioning to and from hyperspace.",,,,,
planet_hel,CUSTOM,"Hel is a frozen moon locked in synchronous orbit around Jormungandr. Its surface is scarred by deep canyons and jagged ice ridges formed by tidal stresses. The Alliance maintains an automated listening post in the southern polar region, monitoring deep-space communications and tracking hyperspace anomalies.",,,,,
planet_ladon,CUSTOM,"Ladon drifts at the edge of its system, a frozen waste of nitrogen ice and methane frost. Sector charts list it as a disused Alliance observation post, nothing more. The surface says otherwise: the old post's lights are still lit, auroras bend in slow bands that don't match the local field strength, and the thin ring of light hanging above the horizon casts a gravity shadow all its own. Ships that loiter too long report chronometer drift before they report nothing at all.",,,,,
planet_vritra,CUSTOM,"Vritra is a lonely dwarf planet following a highly elliptical orbit that takes it far beyond the outer system's edge. Its composition is similar to Ladon's, though spectral analysis suggests higher concentrations of organic compounds. Some believe it harbors remnants of pre-collapse Domain research installations.",,,,,
station_ringport,CUSTOM,"Ring-Port, a former asteroid mining station, has undergone a tumultuous history. Initially seized by anarchists and separatists, it has now fallen under the control of pirates and remnants of the disbanded first fleet who failed to reintegrate. Serves a notorious black market and a haven for marauders, Ring-Port maintains a modest fleet presence, just enough to deter destruction and safeguard its illicit operations.",,,,,
XLII_fafnir_gate,CUSTOM,"The shattered remains of Fafnir's Domain-era gate, now adrift in a slow, forgotten orbit. Splintered by a group of the disbanded First Fleet - refusing either integration into August's new order or quiet exile - they made one final statement.",,,,,
XLII_stellar_mirror,CUSTOM,"An ultra-light orbital mirror array used to reflect and concentrate solar energy. According to pre-civil war historians, this was not used in the terraforming of Athebyne, but instead is powering some unknown Domain-era project - The Alliance Intelligence Office strictly prohibits further investigation.",,,,,
XLII_rift,TERRAIN,"The Rift is an anomalous hyperspace phenomenon surrounding the Fafnir system; a region of sustained high-energy particle bombardment that defies conventional models of hyperspace topology. Radiation levels within the Rift exceed anything recorded outside stellar coronae, yet no corresponding mass-energy source has been identified. Survey probes return corrupted telemetry or do not return at all.",,,,,
draconis_longsight,RESOURCE,"A data lattice of unknown fabrication, its architecture incompatible with any documented standard. It interfaces wirelessly with some great source, without any clear signal or known frequency. Systems do not respond to it so much as reorganize around it.",,,,,
XLII_thuban,SHIP,"The Thuban-class corvette anchors Alliance pickets - fast, fragile, near-invisible on scans, centered on a spinal Durendal railgun and war-honed EW suite. Born in the civil war's desperate skirmishes, its creed is evasion: trade hull integrity for velocity, armor for jammers, survival for a disproportionate strike.

Kori's corrupted nanoforge stamps these with defects - glitchy AI linkages in the EW arrays that spoof missiles brilliantly but risk overloads, blinding the ship mid-maneuver or venting crew sections. In capable hands, it's a specter screening capitals, weaving electronic chaos across battlespaces. Less so, and it's debris before the first shot lands.

The Thuban remains a staple of Alliance picket fleets, screening capital ships and coordinating electronic warfare coverage across entire battlespaces.",,,,,
XLII_alruba,SHIP,"The Alruba-class gunship was the Alliance's first attempt at independent ship design - a heavily armoured, heavily armed brawler built for the close-range slugging matches that defined the early civil war. Based on the Brawler-class template, the Alruba trades speed and agility for firepower and staying power.

Once the backbone of Alliance assault operations, the Alruba now finds itself a relic of obsolete doctrine. Modern Alliance tactics favour standoff engagement and electronic warfare, leaving the slow, armour-focused gunship without a clear role. Most Alrubas sit mothballed in Kori's shipyards, occasionally deployed for convoy escort or station assault where their durability still matters.

Crews joke that the safest berth in the fleet is aboard an Alruba - because you'll never see combat.",,,,,
XLII_alruba_mk2,SHIP,"The Alruba Mk.II is a refit programme born from pragmatism - an attempt to drag mothballed gunships back into operational relevance. With the original Alrubas gathering ice at Kori, Acquisitions & Sustainment authorised a conversion project: strip the ballistic mounts, install vertical launch cells, and bring the old girl in line with modern doctrine.

She's still slow, still armoured like a bunker, but now she can contribute to saturation strikes from standoff range instead of lumbering into knife-fighting distance. The missile integration isn't elegant - hastily welded cells replacing purpose-built hardpoints - and maintenance crews curse the jury-rigged power routing. But it works.

Every hull pulled from mothballs is one fewer new destroyer that needs building. For convoy escort and garrison duty, where her armour still matters and her speed doesn't, the Alruba Mk.II fills a role nothing else in the fleet wants.",,,,,
XLII_aldhibah,SHIP,"The Aldhibah-class is, by any honest assessment, a Wolf-class frigate with the serial numbers filed off. The Alliance makes no serious effort to dispute this. What they dispute is whether it matters.

When the post-war Alliance found itself in desperate need of a fast, durable frigate hull for reconnaissance and raiding operations, Fleet Command approached Tri-Tachyon with a straightforward licensing proposal. The response was equally straightforward: a price point approximately three times the hull's actual value, mandatory technology-sharing clauses, and inspection rights that would have given Tri-Tachyon representatives access to Alliance shipyards. The counteroffer was rejected before the ink dried.

Six months later, the first Aldhibah-class frigates entered service. Tri-Tachyon representatives arrived on Kori within the week. No minutes were taken; no formal protest was ever filed. The Aldhibah continues to roll off Kori's production lines to this day. What the Alliance agreed to in exchange for this courtesy is not discussed openly, although Tri-Tachyon research divisions have since demonstrated a curious familiarity with Alliance fleet trial data.

Alliance engineers have since made minor modifications to the original design - improved fuel efficiency, compatibility with domestic weapons systems, simplified maintenance requirements - but the Aldhibah remains fundamentally what it always was: a stolen ship, operated by a faction that learned during thirty years of war exactly how much anything costs.",,,,,
XLII_rastaban,SHIP,"The Rastaban-class light destroyer leads Alliance picket fleets with precision and speed. Designed alongside its smaller cousin the Thuban, the Rastaban sacrifices protection for an advanced targeting system and the Excalibur loitering munitions package - smart ordnance that hunts and kills unshielded targets with surgical efficiency.

Fast enough to dictate engagement range and with the Excalibur can outperform ships twice her size, the Rastaban excels at coordinating rapid-response groups and eliminating isolated targets before they can respond. Against anything with its shields down, she's a surgeon.

The trade-off is survivability. Rastaban captains learn to fight from the edge of engagement envelopes, relying on speed and standoff range rather than armour to stay alive.",,,,,
XLII_shaobi,SHIP,"The Shaobi-class light carrier is what happens when Marines are allowed to commission warships - a Rastaban-class hull gutted and rebuilt as a mobile firebase. The advanced targeting suite and Excalibur systems are gone, replaced by hangar bays, staging areas, and drop pod tubes sufficient for a reinforced Marine company.

Slower than its destroyer origins suggest but cheap enough to risk in forward deployment, the Shaobi excels at rapid boarding actions and planetary raids. Fleet command treats it as organic Marine support for cruiser task groups, while the Marines themselves view it as proof that Acquisitions & Sustainment occasionally listens.

The class has proven particularly effective in anti-piracy operations around Ring-Port, where its combination of strike craft and Marine assault capability fills a tactical niche nothing else in the fleet can match.",,,,,
XLII_errakis,SHIP,"The Errakis-class missile destroyer serves one purpose: keeping carriers alive. Purpose-built as the muscle of carrier strike groups, the Errakis mounts an obscene number of vertical launch cells and coordinates saturation strikes with embarked fighter wings to overwhelm enemy defenses.

The cost of that firepower was the radar array. The Errakis relies on other ships - Eltanin-class screens, the carrier's combat information centre - for targeting data. This dependency would be a vulnerability in any other role, but in a carrier group, it's doctrine.

Crews joke that Errakis postings are boring - no flashy solo kills, no desperate last stands. Just formation flying, missile launches, and going home. Boring wins wars.",,,,,
XLII_errakis_mk2,SHIP,"The Errakis Mk.II corrects a compromise that nobody had filed as one. Its predecessor carried no array - the group's combat information centre did the finding, the Errakis did the throwing, and the arrangement worked long enough that it stopped reading as a limitation and started reading as a division of labour.

Kori fitted an array. The launchers reach their rated range now, which is further than any Errakis crew has ever been trained to shoot from. They learned the trade close aboard the carrier's beam, timing salvos to a fighter wing's turn, and they keep closing to that distance out of a habit no refit reaches. Gunnery schools have issued three directives on the subject. Attached to the third is an observation that the hulls closing hardest are the ones with the most experienced crews.

The crews have been consistent enough on the matter that Acquisitions stopped forwarding the reports. The refit added a belt of armour and a shield emitter that covers every bearing, and the mass came with them: the Mk.II makes better speed in a straight line and takes considerably longer to stop making it, which matters at the ranges they insist on fighting at. The cells no longer refill at the old rate, so a hull that empties its racks in one pass stays empty, at a distance where there is nothing left to do but be looked at. And the array radiates. The original was quiet because it was blind - the Mk.II announces itself to everything in the system, and the crews have taken to calling it the lantern, without ever agreeing on who it is lighting the way for.",,,,,
XLII_giausar,SHIP,"The Giausar-class destroyer is the Alliance's dedicated point defense platform - a shield built to protect fleet formations from fighters, missiles, and anything else too small or too fast for capital weapons to track. Her sophisticated PD drone network, managed by an onboard nanoforge that can fabricate replacements mid-engagement, provides defensive coverage that scales with sustained combat.

Built alongside the Rastaban under the ""Constellation"" initiative, the Giausar trades offensive capability for defensive utility. Minimal anti-ship armament, slow to manoeuvre, but thick enough armour to weather incoming fire while her drones do the work. Send her out alone and she's a liability. Embed her in a battle line, and she's worth her tonnage in fuel.

The Giausar doesn't win battles. She keeps the ships that do alive long enough to fight them.",,,,,
XLII_alsafi,SHIP,"A hybrid tanker and cargo hauler built to destroyer specifications, the Alsafi-class was designed to keep fast-moving hunter-killer groups supplied without the need for vulnerable convoy escorts or return trips to port.

Fuel capacity is modest compared to dedicated tankers, and cargo space falls short of what a proper freighter might offer. Yet the Alsafi's destroyer-grade engines allow it to flee engagements that would doom slower logistics vessels, a tradeoff its crews consider more than fair.

Few volunteer for logistics duty, but fewer still request transfers once they've served aboard an Alsafi. The work is unglamorous, but the ship tends to bring its crew home.",,,,,
XLII_alsafi_cargo,SHIP,"A hybrid tanker and cargo hauler built to destroyer specifications, the Alsafi-class was designed to keep fast-moving hunter-killer groups supplied without the need for vulnerable convoy escorts or return trips to port.

Fuel capacity is modest compared to dedicated tankers, and cargo space falls short of what a proper freighter might offer. Yet the Alsafi's destroyer-grade engines allow it to flee engagements that would doom slower logistics vessels, a tradeoff its crews consider more than fair.

Few volunteer for logistics duty, but fewer still request transfers once they've served aboard an Alsafi. The work is unglamorous, but the ship tends to bring its crew home.",,,,,
XLII_pojun,SHIP,"The 'heavy' in the Pojun-class designation refers to role rather than tonnage; the hull itself is compact and light even by destroyer standards. In practice, generous flux capacity and an unusually resilient shield emitter allow the Pojun to trade blows with warships of considerably greater displacement - and, under a bold captain, to survive encounters that would doom its peers.

Developed as a successor to the venerable Rastaban-class in the cycles following the war, the Pojun endured a long and very traditional gestation of teething troubles, design revisions, and procurement disputes. The chief culprits were its two signature features: flux-reactive armor plating and an advanced anti-missile electronic warfare suite - technologies previously reserved for cruiser hulls that could justify the exotic material requirements. Quite how Kori's shipyards came to acquire such materials in quantity, despite notoriously frosty relations with the megacorporation best positioned to supply them, is a question Alliance quartermasters are trained not to ask. The remaining technical obstacles vanished with uncanny speed once the design documentation passed through the Intelligence Office for 'review'; the returned specifications featured refinements the original engineering team has politely declined to take credit for.

What emerged is a fierce little warship that punches far above its weight, able to threaten cruisers and outrun anything it cannot kill.",,,,,
XLII_eltanin,SHIP,"The venerable Eltanin-class light cruiser is the backbone of the Alliance fleet - fast, flexible, and produced in greater numbers than any other cruiser in the Fafnir system. Designed for hunter-killer doctrine, the Eltanin leads hybrid fleet operations, exploits gaps in enemy formations, and punishes anything smaller than itself with extreme prejudice.

Speed is her greatest asset. The Eltanin outpaces most cruisers and keeps pace with destroyer squadrons, allowing her to dictate engagement range against anything that isn't packing capital-grade engines. Paired with a respectable missile loadout and electronic warfare suite, she excels at isolating and destroying stragglers.

The caveat is in the name: *light* cruiser. Get her into a slugging match with anything heavier and those thin plates start to matter. The Eltanin's role is exploitation, not attrition.",,,,,
XLII_yunu,SHIP,"The Yunu-class cruiser began as an Eltanin hull and ended as something else entirely. Widened to nearly three times the original beam, lengthened by a full section, and fitted with vertical lift engines that dwarf its forward thrust assembly, the Yunu bears only superficial resemblance to its progenitor. The triangular silhouette - squat and broad where the Eltanin is narrow and quick - reflects a ship built for burden rather than pursuit.

Designed during the reconstruction period to support Kuma-class colony ships, the Yunu fills the unglamorous half of the colonization equation: cargo transport, material hauling, and mobile manufacturing. Ten vertical launch tubes run the length of her dorsal hull, fed by miniaturized autoforges that can produce missiles indefinitely provided the ship's flux systems can absorb the thermal bleed. The same forges that arm her in combat serve as emergency repair stations for damaged convoy vessels - a dual-use system that, for once, carries no whispered rumors or Office oversight. By Alliance standards, the Yunu is almost disturbingly conventional.

Her combat role is secondary but genuine. Convoy escort duties demand teeth, and sustained missile saturation from standoff range provides exactly that. When planetary operations require direct support, the Yunu's lift capacity allows her to deposit armor, troops, and supplies planetside while her VLS tubes soften the landing zone. The vertical engines that make her sluggish in fleet actions become assets in atmosphere, muscling cargo through gravity wells that would strand lighter vessels.

Crews call her the ""freight elevator"" and mean it affectionately. Yunu postings lack glory - you're either hauling grain to colony sites or lobbing missiles from beyond visual range - but the ship brings her people home. In a fleet full of desperate innovations and borrowed nightmares, there's something to be said for a vessel that simply works.",,,,,
XLII_juza,SHIP,"The Juza-class heavy cruiser is a technical marvel built on compromise. Designed under stringent size constraints, the Juza features an advanced flux management system that rapidly redirects power between weapons, armour arrays, and shields - allowing her to shift combat roles on the fly.

The system nearly killed its first test crew. Initial trials saw power distribution networks strobing, hull plating superheating, and capacitors blowing under aggressive cycling. Three months of reworks added redundancies and slowed the cycle time, producing a ship that's adaptable rather than elegant.

In fleet engagements, the Juza fills gaps - brawler one moment, fire support the next. Crews either love her or hate her. There's no middle ground when your deck lighting flickers every time you redirect power.",,,,,
XLII_juni,SHIP,"The Juni-class cruiser is what happens when accountants redesign a warship. Derived from the Juza-class after that project nearly bankrupted three shipyards, the Juni strips out experimental systems in favour of reliability and standardisation. No flux management tricks, no exotic components - just conventional plating, standard power distribution, and parts you can actually source.

What the Juni lacks in sophistication, she makes up for in sustainability. Energy weapon mounts - unusual for Alliance ships - allow her to maintain pressure when missile stocks run low, and her conventional systems mean maintenance crews can actually keep her operational without waiting months for Kori to fabricate replacements.

She's not flashy. She doesn't win awards. But the Juni does her job, stays in the fight, and doesn't bankrupt the repair budget.",,,,,
XLII_nushi,SHIP,"The Nushi-class is one of the most advanced cruisers in regular Alliance service - two large ballistic mounts on a hull built around the trifecta: shields, weapons, engines, and not a pound for anything else.

Point defense consists of a small and medium ballistic mount forward and a medium aft - afterthoughts that made the cut only because early simulations showed the main battery couldn't cycle fast enough to swat incoming ordnance. Even the auxiliary hangar exists to serve the guns: officially designated for ammunition handling to accelerate the main battery's reload cycle. Most successful captains disregard this and embark a fighter wing instead.

The concept predates the Alliance. A wartime design study proposed the hull's extreme specialization but deemed it unfeasible with existing manufacturing. It sat in procurement archives until reconstruction-era study of Tri-Tachyon fast-attack cruisers proved the underlying principles were sound - that a hull built for speed and flux throughput could survive without meaningful armor if the offensive pressure never relented. The Nushi is not derived from those designs, but it would not exist without them. Translating theory into production required an engineer whose credentials remain conspicuously absent from official records, and whose solutions displayed a computational elegance the shipyard accepted without question. They have never been able to reproduce them independently.

Acquisitions & Sustainment has fought Nushi production since the first hull cleared trials. The litany is familiar: exotic components straining supply lines designed for standardized ships, maintenance procedures that require near-complete disassembly, and crew attrition figures that become unconscionable the moment shields fail - because there is nothing behind those shields worth mentioning. R&D backed the Juza-class as the doctrinally superior alternative, and fleet trials bore them out - the Juza outperformed the Nushi in nearly every combat metric that mattered. The Nushi won production anyway. Not on merit, but on cost: both designs were ruinously expensive, but the Nushi was less so, and in a fleet that counts every forge-hour, less ruinous proved decisive. R&D has never quite forgiven the procurement board, nor the ship, for being almost as good at a fraction of the headache.",,,,,
XLII_nushi_mk2,SHIP,"The Nushi Mk.II is what happens when supply lines dictate doctrine. A Nushi-class hull with the left and right large mounts stripped and replaced by medium mounts, the Flux Cycler deleted, and a plasma burn system bolted where exotic components used to live.

The decision came from command after a series of supply chain failures left frontline Nushis waiting months for replacement components that Kori's nanoforge could only produce in small batches. The combat officers' protests were noted, filed, and overruled. A cruiser in drydock wins nothing; a lesser cruiser in the battlespace wins something. The Mk.II designation is not an improvement - it is an acknowledgement that the current production reality cannot sustain the original.

What remains is still dangerous. The single large mount retains the Nushi's capacity for a disproportionate punch, and the medium mounts provide volume of fire that the original never had. With the mass savings from the deleted Cycler and simplified weapon integration, the Mk.II is faster and more agile than its parent - enough so that the plasma burn system transforms it from a fire support platform into something closer to an oversized fast-attack cruiser. Some captains have warmed to the role. Most still glance at the empty mount housings where the large mounts used to be and think about what the ship was supposed to become.

Acquisitions & Sustainment considers the Mk.II a triumph. R&D considers it a vindication - proof that the original was unsustainable, exactly as they warned. The fleet considers it a Nushi that someone took a cutting torch to. All three are correct.",,,,,
XLII_dziban,SHIP,"The Dziban-class battlecruiser exists because the Alliance needed to crack orbital fortifications without losing half a fleet in the attempt. Designed in the reconstruction period following the civil war, the class mounts twin spinal ballistic mounts capable of reducing station armour to slag at ranges most targeting systems cannot reliably acquire.

Central to the Dziban's doctrine is its integrated LIDAR array, a system that extends effective engagement range far beyond conventional fire control limitations. This allows the battlecruiser to maintain bombardment positions outside the effective counter-battery envelope of most fixed defenses - provided it has adequate screening elements to keep faster attackers at bay.

The hull's light armour is not an oversight but a deliberate concession. Mass that might have gone to additional plating was instead allocated to the reinforced spinal mount assembly and the substantial power requirements of the LIDAR system. Alliance engineers argue that a ship designed to fight at extreme range has little need for heavy armour; its critics say that battles rarely go according to plan.

Dziban crews have learned to trust their escorts implicitly. Without them, the battlecruiser's considerable firepower means nothing against an enemy that manages to close the distance.",,,,,
XLII_altais,SHIP,"The Altais-class battlecruiser is a miracle of procurement - a ship that delivered exactly what was promised, on budget, with all features intact. Fleet command wanted speed and firepower in a capital hull. What they got was a battlecruiser that fights like a heavyweight boxer with a flyweight's footwork.

Thirty-six launch cells provide enough missile capacity to shred a battle line before enemy solutions lock. Acceleration curves put some light cruisers to shame. Combined with full EWAR integration, the Altais is a fleet killer that strikes and repositions before the enemy can respond.

The cost is protection. Armour is a joke, shields are merely adequate, and sustained fire from anything heavier than a destroyer means counting hull breaches in double digits. Fly her like an Eltanin with delusions of grandeur - hit hard, stay mobile, never trade blows.",,,,,
XLII_alwaid,SHIP,"The Alwaid-class battlecarrier is the primary carrier of the Draconis fleet - a massive, hulking fortress designed to anchor battlespaces rather than chase them. Dual hangar complexes run the length of her spine, cycling four full strike wings simultaneously through an electromagnetic launch system that predates every other component on the hull - no one currently serving on Kori's floor claims to have designed it.

She moves like a station with delusions of mobility. Triple redundant drive housings and oversized radiators couldn't overcome the mass of her armour belt, dedicated EMALS reactor, and weapons grid. But the Alwaid doesn't need speed - her strike craft are fast, her escorts are fast, and she projects power across an entire battlespace from the centre of the formation.

Fleet crews joke about arriving late to engagements. By the time the Alwaid reaches the fight, she *is* the fight.",,,,,
XLII_kuma,SHIP,"The Kuma-class battleship is the Alliance's most controversial ship - a glass cannon originally designed for colony escort duty, now repurposed as a long-range artillery platform. Her massive solar array and skeletal frame provide exceptional flux dissipation at the cost of armour that barely qualifies as plating.

Initial trials were nearly catastrophic. Simulated frigate squadrons breached the outer hull in under two minutes during combat exercises. But someone noticed the flux numbers, and the Kuma found new purpose: keep the shields up, position at standoff range, and turn anything without capital-grade protection into expanding debris.

The crews hate her - maintenance is constant, and everyone knows one lucky hit means evacuation. But paired with Eltanin screens and Giausar PD support, the Kuma's firepower speaks for itself. Just don't let those shields drop.",,,,,
XLII_tianlong,SHIP,"The Tianlong-class is the only warship in the Alliance fleet that the Office asked for by name. No specification sheet came down from fleet command. No operational requirement emerged from after-action analysis. A single directive arrived through AIO channels: build a battlecruiser that can do everything. The shipyards assumed this was a figure of speech. It was not.

What followed was a decade of methodical failure. The design brief demanded speed on a hull carrying three large ballistic weapons in the superfiring configuration - two forward, one aft, all three able to bear simultaneously on a broadside. Engineers solved one problem and broke two others. Acquisitions & Sustainment drafted three separate cancellation recommendations. All three were quietly buried. Funding continued to arrive in unmarked allocations that did not appear in the consolidated procurement ledger.

In doctrine, the Tianlong operates as a true battlecruiser in a fleet that has learned to manage without one. The Dziban fights at extreme range and requires its escorts to fight close. The Altais strikes and repositions but cannot sustain. The Tianlong was meant for both and chooses based on circumstance - closing to broadside range to bring all three mounts to bear, breaking contact before the exchange turns costly, returning. Its larger selection of mountings provide options that the Nushi never had. The ship's actual weakness is prosaic, given everything else: three PD mounts cover the entire hull, and protecting the engines against ordnance requires diverting the aft large mount to a task beneath it. Captains who learn to live with this tend to survive. Captains who treat it as an afterthought do not tend to receive second hulls.

Non-Alliance captains who survive an engagement with the Tianlong report consistently that the matchup was considerably closer than they had expected. The ship's troubled development history is not secret - procurement disasters in the Alliance rarely stay quiet for long - and a battlecruiser with a decade of programme failures on its record does not inspire the same caution as an Onslaught or a Paragon. This impression has proven durable and useful. The Office has made no effort to correct it.",,,,,
XLII_tianlong_mk2,SHIP,"The Tianlong Mk.II began as a logistics complaint and ended as a doctrine shift. The original's small missile complement had always been a concession - lightweight coverage for a hull that had no business needing lightweight anything - and after-action reviews from extended deployments returned the same note in different handwriting: the Tianlong was burning through its light ordnance faster than convoy schedules could replenish it, and arriving to engagements with empty cells it had no business emptying.

The Office's solution was characteristically direct. Strip the small mounts, reduce the shield emitters to the minimum the design could tolerate, accept the loss of speed, and use the mass savings to fit two large missile launchers port and starboard. The resulting loadout turns the Tianlong Mk.II into something less flexible than its parent and considerably more patient: a long-range strike platform content to sit at engagement distance and deliver ordnance the enemy's point defense was never built to absorb.

The logistical case was the deciding argument. The architecture was streamlined, standardised and consolidated  - the Mk.II is not a massively better ship in any combat metric, but it is easier to service, easier to crew, and easier to sustain across the Rift. Acquisitions & Sustainment approved the conversion programme with unusual enthusiasm. The Office approved it for reasons the official record does not mention.",,,,,
XLII_shaowei,SHIP,"The Shaowei-class phase destroyer represents a controlled evolution of technology that nearly bankrupted the programme that spawned it. Where other classified projects pushed temporal displacement toward regenerative applications, the Shaowei pursued a different refinement: weaponised phase transition.

Standard phase ships materialise cleanly after leaving p-space. The Shaowei does not. Its modified coil array accumulates flux during phase transit, storing energy that conventional systems would vent gradually. Upon reentry to realspace, the stored charge releases as a localised electromagnetic storm; ship systems within the discharge radius experience cascading failures, and ordnance guidance packages lose coherence entirely. Early prototypes proved devastating but unreliable. Crews reported disorientation, sensor ghosts, and occasional minor temporal echoes - symptoms that extensive shielding has since reduced to tolerable levels.

Production remains limited. The phase coil modifications demand manufacturing precision that Kori's nanoforge can only achieve in small batches, and the tactical role requires crews with exceptional situational awareness. In fleet actions, the Shaowei operates as a torpedo platform, phasing through defensive screens to deliver ordnance at ranges that make interception nearly impossible. In independent operations, it serves as a hunter-killer: disabling priority targets with its discharge, then finishing them before shields recover.

Alliance tactical doctrine classifies the Shaowei as a force multiplier rather than a line combatant. Commanders who treat it as anything else tend not to remain commanders for long.",,,,,
XLII_alrakis,SHIP,"The Alrakis-class battlecarrier exists because the Alwaid is too expensive to field in adequate numbers and too large to lose without consequence. Where its predecessor anchors battlespaces, the Alrakis fills gaps - a smaller twin hangar complex, a lighter weapons grid, thinner armour, and a strike wing capacity that invites unflattering comparisons. None of this was accidental. The design brief was explicit: produce a carrier the Alliance can afford to put in harm's way.

The supply arithmetic is the point. An Alwaid on the line demands a support tail that strains convoy schedules across the Rift. The Alrakis asks less - fewer spare parts, smaller crew complements, and lower fuel burn. Task groups that cannot justify Alwaid allocation can still project carrier capability, and Kori's shipyards can produce three Alrakis hulls in the time it takes a single Alwaid drydock cycle to complete. Acquisitions & Sustainment considers this a triumph. Fleet admirals consider it a compromise.

Crews refer to it, without affection, as the smaller brother. The Alrakis is worse than the Alwaid in every category that matters tactically, but better in the only category that wins wars.",,,,,
XLII_yinde,SHIP,"The Yinde-class was supposed to redefine Alliance fast-attack doctrine: a cruiser-weight hull equipped with a phase teleportation system that could reposition mid-engagement, deny targeting solutions, and deliver ordnance from angles no conventional ship could achieve. Early trials justified the enthusiasm. The Yinde was fast, aggressive, and could vanish from a battlespace and reappear somewhere inconvenient faster than most targeting officers could update their solutions.

Production ran into the familiar wall. The teleportation coil assembly demanded fabrication tolerances that Kori's forge could only meet in small, inconsistent batches. Crew attrition from repeated teleportation cycles required specialists the Alliance couldn't pipeline fast enough. Maintenance intervals ballooned. The programme's costs, already significant, became indefensible against competing procurement priorities - the Shaowei had already strained the Alliance's appetite for phase technology, and the Yinde asked for more of the same. The cancellation order arrived before the second production run was completed.

What hulls exist remain in service because losing them is harder to justify than sustaining them. Yinde captains know their ship is irreplaceable and fly accordingly, and with the particular caution of someone who cannot requisition a replacement.",,,,,
XLII_jufeng,SHIP,"Where other polities answered the problem of the line-breaker with ever-heavier dreadnoughts, the Alliance answered it with subtraction. The Jufeng is what remains of a warship after everything that could be cut has been.

A hull drawn taut around a single enormous coilgun, a battery of missiles for company, and precious little else. Kori's engineers describe it - not without pride - as the Eltanin's logic followed to its terminus, the same worship of flux and velocity over armour that defines Alliance doctrine, taken well past the point most designers would call reckless. It was never meant to be a proud ship. It was meant to be an affordable one.

The shield tells the story plainly. Rather than a broad protective envelope, the Jufeng projects a narrow wedge scarcely wider than the muzzle it shrouds, but within that wedge, nothing Draconis fields is its equal. It is the most flux-efficient shield ever to leave Kori's yards, second to none, a distinction the Office is said to prize more than the hull it's bolted to.

Everything the wedge does not cover is left to two great slabs of armour running the length of either flank, thick enough to shrug off what the shield cannot be bothered to face. The trick holds well enough head-on, and the hull beneath the plating is light enough to keep the ship genuinely swift for its bulk. It is from directly astern, where neither wedge nor slab can be brought to bear, that the design shows its seams - a truth Alliance captains are careful never to offer an enemy twice.",,,,,
XLII_module_jufeng_armor_left,SHIP,"A huge piece of applique armor to be mounted on the left flank of the Jufeng, allowing the ship to wade through impossibly heavy fire to focus on its primary target. The modular design was originally intended to minimize shipyard downtime.",,,,,
XLII_module_jufeng_armor_right,SHIP,"A huge piece of applique armor to be mounted on the right flank of the Jufeng, allowing the ship to wade through impossibly heavy fire to focus on its primary target. The modular design was originally intended to minimize shipyard downtime.",,,,,
XLII_asuia,SHIP,"IDENTIFICATION ERROR: No matching hull signature.

Primary registry [CORRUPTED]. Drive signature predates scan by 0.1 seconds. Classification assessment pending - 98% match, Brillant-class.

Attempting heuristic classification... Result: ""Impossible.""

// CAUSAL VIOLATION DETECTED // AUTO-SCRUB INITIATED

REMAIN CALM. DO NOT observe the vessel directly. DO NOT engage under any circumstance.

[AIO INTERNAL - ABOVE STRATOSPHERIC]

Limited temporal displacement falls far from the Sunsetter's; however, the Asuia shows promise for mass production, 'logistically feasible' even. Standard FCS and targeting requires adjustment; time dilation proves difficult to overcome without direct integration with [LONGSIGHT]. Send the reports through, I'm sure it has a solution prepared already.

Integration trials with [LONGSIGHT] have yielded anomalous efficiencies - flux vents cycling 15% ahead of projected timelines, as if the ship anticipates overload before it manifests. We've noted crew disorientation in sim-runs: echoes of commands issued seconds before they're spoken, shadows of maneuvers that resolve into reality. Recommend psychological conditioning protocols for deployment batches. If [LONGSIGHT] can stabilize the dilation bubble without fracturing causality, the Asuia could redefine ambush doctrine. The Office has authorized Phase II prototyping; Tri-Tachyon liaisons are pressing for data shares, but the Office will redact temporal metrics.

// Addendum, deleted from record:
// ""The latest sim-feed from [LONGSIGHT]... It's not just predicting. The Asuia prototype engaged [REDACTED] in trial, but the logs show damage patterns from weapons that weren't fired until after the kill.""
// ""Causality bleed. We've seen it in the deep-core interfaces before - [LONGSIGHT] pulling threads from some unknown subroutines. If we push this, we're not building ships; we're unraveling the present.""
// ""August knows, doesn't he, surely?""
// ""He suspects. But survival demands it. The Rift won't shield us forever.""",,,,,
XLII_sunsetter,SHIP,"IDENTIFICATION ERROR: No matching hull signature.

Primary registry [CORRUPTED]. Drive signature predates scan by 0.3 seconds. Damage assessment returns paradoxical values - structural integrity reads 47% and 98% simultaneously.

Attempting heuristic classification... Result: ""Impossible.""

// CAUSAL VIOLATION DETECTED // AUTO-SCRUB INITIATED

REMAIN CALM. DO NOT observe the vessel directly. DO NOT engage under any circumstance.

[AIO INTERNAL - ABOVE STRATOSPHERIC]

Sunsetter-class trials continue to exceed parameters. Temporal displacement allows the vessel to occupy probability states 0.2 to 0.7 seconds removed from baseline causality. Targeting solutions become obsolete before ordnance arrives. The hull integrates replacement components from its own prior states - regenerating from damage that ""hasn't happened yet.""

Integration with [LONGSIGHT] proceeds on schedule. Crew report that operating the Sunsetter is ""intuitive"" in ways difficult to articulate to supervisors.

We believe this is a feature.

// Addendum, deleted from record:
// ""I watched Meridian-7. The Sunsetter took devastating fire. Then it didn't.""
// ""Something is choosing which version of events gets to be real.""
// ""But, why does it keep choosing us?""",,,,,
XLII_thuban_proto,SHIP,"The Thuban that reached the line first was not the Thuban Alliance pickets fly today. It arrived in the war's last cycles, within seasons of the Office's first contact with whatever the Signal Corps had found beneath Kori - a corvette built around EW suites and railgun coil geometry no yard outside Kori's own floor had the equipment to service, let alone replicate.

It worked. That was the problem. A picket hull is disposable by design - cheap enough to lose in dozens, simple enough for a green crew to keep running past a battle's first hour. The prototype was neither. Every Durendal that left Kori's floor needed recalibration nobody else in the fleet could perform, and a corvette that needs a specialist escort to keep it fighting has stopped being a picket and started being a liability wearing a picket's silhouette.

Command's answer was subtraction: strip the coil geometry back to what an ordinary maintenance crew could read off a service manual, and accept a plainer railgun in exchange for one any yard could re-arm. What survived the cut became the Thuban-class as it presently exists. What was cut is filed, imperfectly, as the Prototype.",,,,,
XLII_giausar_proto,SHIP,"The Giausar prototype's PD drones perform, by every trial measurement anyone will still put a name to, roughly thirty percent above what the production hull manages today. Reaction time, target discrimination, formation coherence - across the board, and unanimously, without a single dissenting report.

None of it could be explained, and none of it could be repaired. The prototype's nanoforge built drone chassis from fabrication patterns no engineer on the project had written, and when a unit's behaviour began to drift - which happened, on no predictable schedule - there was no manual to consult and no line technician qualified to open the case. A point defense platform is only useful if a fleet admiral can trust it to do the same thing twice. This one couldn't be trusted to explain itself once.

The production Giausar runs a nanoforge loaded with patterns Alliance engineers wrote themselves, understand completely, and can service in any drydock in Fafnir. It is worse in every measurable respect. It is also the one the Alliance can build, crew, and trust in the same breath - and in the war's last cycles, trust was the scarcer resource.",,,,,
XLII_rastaban_proto,SHIP,"The Rastaban prototype's Excalibur drones acquired firing solutions before their targets had finished the manoeuvre meant to deny one. Trial officers called the behaviour anticipatory, a word that survived exactly as long as it took someone in the Office to notice it in the paperwork.

What the trial reports didn't dwell on: every drone in that network had to be calibrated by hand, against a targeting model none of the maintenance staff could fully account for. A destroyer meant to hunt alongside a disposable corvette picket cannot also demand a specialist crew and a fabrication queue measured in weeks. Kori's yards could produce perhaps one such hull a season. The war needed dozens.

The production Rastaban runs its Excalibur package on conventional targeting algorithms - slower, explicable, and buildable by anyone with the specification sheet. Whatever the prototype's drones were doing instead has not been reproduced, and the one surviving hull's current disposition is not a matter of public record.",,,,,
XLII_eltanin_proto,SHIP,"Selecting the Eltanin as an early test of what the Office's new source could do was either a calculated stress test of the fleet's most important cruiser class, or simply the obvious next candidate - accounts from the period disagree, and the distinction stopped mattering once the results came in. The specification package was comprehensive: revised hull geometry, a flux distribution curve nobody had a name for, engine tuning held to tolerances the original designers would have called thermodynamically implausible.

It worked. It also could not be built anywhere except Kori's own floor, to precisions no other yard in Fafnir was equipped to hold. An Eltanin that only one drydock in the system can produce is not a hunter-killer cruiser. It is a curiosity with a hull number, and the war did not have room for those.

What went to general production was a simplified derivative - hull lines any Alliance yard could cut, tolerances any Alliance engineer could hold, the exotic flux work replaced with margins wide enough to forgive an ordinary welder's error. Within a few cycles it became the most numerous cruiser class in the Fafnir system. Its official design lineage, on paper, credits none of this to where it actually started.",,,,,
XLII_zhushi_proto,SHIP,"The Zhushi-class has no predecessor, no design study, no operational requirement behind it at all. It is widely held to be the first hull the Office's new source offered unprompted - before anyone on the receiving end had learned to ask for something Fafnir could actually use. A complete heavy cruiser specification arrived through Kori's interface protocols within the same cycles the Signal Corps first breached the sublevel it came from. The circumstances remain classified; the timing does not seem to have been an accident.

The drive is nuclear pulse propulsion - proven elsewhere in the Sector, never before attempted by any Draconis vessel, built around a pusher-plate alloy that Kori's nanoforge can produce reliably and no Alliance engineer can explain. The tolerances involved exceed what Fafnir's industrial base could sustain in wartime, let alone reproduce at scale.

No production variant was derived from the Zhushi. Where every other prototype in the programme was eventually reworked into something the fleet could build and crew, the Zhushi simply could not be made smaller without stopping being what it was. It was mothballed instead - the war's first and starkest lesson in what the Office's new source was capable of when nobody told it to hold back.",,,,,
XLII_altais_proto,SHIP,"Some reports place the Altais prototype's origin forty-eight hours after a fleet action exposed a shield failure mode the Office's own engineers hadn't finished diagnosing when the specification arrived already correcting for it. If the timing holds, the source had access to operational data before the analysts writing it up did, and the capacity to solve the problem inside a window shorter than the diagnosis took. Both implications have been noted. Neither has been investigated.

The trial hull answered a battlecruiser brief nobody had fully written yet - speed and firepower on a capital frame, the failure mode engineered out before most of the fleet had heard it existed. Crews described a responsiveness at the helm that was difficult to articulate: inputs anticipated, power allocated before the request left the console.

What reached general production cycles later kept the shield fix and discarded everything else - the responsiveness, the anticipation, whatever the helm had actually been doing. Acquisitions & Sustainment credits the production Altais's smooth service record, unusual for a Draconis capital hull, to disciplined engineering and nothing more exotic than that. The prototype is not mentioned in the file.",,,,,
XLII_alwaid_proto,SHIP,"The Alwaid prototype is remembered as the largest hull the initial programme produced, and very likely its last - not because the Office's source ran out of specifications to offer, but because by then the Office had learned what it needed to know. There was no ceiling to what the source could design. The ceiling belonged entirely to Fafnir - to what Kori's yards could actually lay keel to, crew, and keep flying.

Strike coordination across simultaneous wing operations reportedly exceeded what human flight controllers could manage unassisted. Trial officers described optimal strike packages assembling themselves before an assessment was complete, and queries about how the system reached its conclusions returned answers that were technically complete and impossible to trace from input to output.

The Alwaid never flew in that configuration again. What followed was a fleet-wide reappraisal - not just of this hull, but of everything the programme had produced in its first cycles: the Thuban, the Rastaban, the Giausar, the Eltanin, the Altais, all reworked down to specifications an ordinary Alliance yard could hold, an ordinary crew could maintain, and an ordinary officer could trust without asking uncomfortable questions. What survives today under those names is what was left after the Office decided the fleet needed ships more than it needed miracles. The prototypes are what came before that decision.",,,,,
XLII_grumium,SHIP,"The Grumium wasn't designed to be a bomber. It wasn't designed for much of anything by the time the Civil War demanded one - it was simply what Kori's yards made available, and availability was the only specification that mattered. DDA engineers stripped out what they could and bolted on Backsword hardpoints where the weight budget allowed. The airframe groans under the load, and the avionics were never meant for attack profiles, but the torpedoes don't require elegance to function. Pilots in Grumium wings are told, once, that they are flying a piece of history. They are not told this is meant as a compliment.",,,,,
XLII_grumium_alt,SHIP,"The Grumium wasn't designed to be a gunship. It wasn't designed for much of anything by the time the Civil War demanded one - it was simply what Kori's yards made available, and availability was the only specification that mattered. DDA engineers stripped out what they could and welded twin autocannons into the wing mounts where the weight budget allowed. The airframe groans at sustained fire, and the avionics were never designed for long bursts, but at close range, neither of those problems is the enemy's concern. Pilots in Grumium wings are told, once, that they are flying a piece of history. They are not told this is meant as a compliment.",,,,,
XLII_eldsich,SHIP,"The Eldsich was never a military aircraft. It began life as a testbed for a civilian space plane programme that the Civil War quietly cancelled, and the airframe was repurposed because building something new would have taken longer than the war could wait. Most of its systems were stripped to accommodate the nuclear payload - the one capability command actually wanted. What remained was ungainly, specialist, and entirely dependent on everything else going right before the Eldsich's moment arrived. That moment, when it came, was enough.",,,,,
XLII_aldibain,SHIP,"The Aldibain was the Alliance's first attempt at building what it actually needed rather than adapting what it had. A multirole fighter - fast enough to intercept, durable enough to escort, lethal enough to justify the designation - it was rushed into service at the Civil War's height and paid for it in blood and early losses. The teething problems were solved the hard way. What emerged from that process was a design that worked, which in Fafnir's circumstances was a more meaningful achievement than it sounds. The Alliance's propaganda apparatus has made the Aldibain its face. The pilots who flew it through the early years have complicated feelings about that.",,,,,
XLII_nodus,SHIP,"The Nodus exists because the Alliance could not afford to waste trained pilots on every strike mission, and could not afford to lose them either. A man-in-the-loop strike drone, its larger-than-average frame houses a control architecture that syncs to a linked pilot aboard the mothership, anticipating commands with enough fidelity to close most of the latency gap. The result is a platform that fights like a crewed craft and dies like an expendable one.",,,,,
XLII_tianyi,SHIP,"The Tianyi was commissioned because the Alliance had learned, over thirty years, that the first thing a missile does is look for something to kill, and that the most effective counter to a missile is ensuring it cannot find one. It gave up most of its hardpoints for electronic warfare pods, installed a dedicated EW suite, and added an airborne warning and control system that would not have looked out of place on a vessel three times its size. The result is a jamming platform that wears the silhouette of a fighter - able to collapse hostile ECM fields and suppress capital-grade targeting systems while the strike package it escorts does the actual killing.",,,,,
XLII_tianbang,SHIP,"The Tianbang represents something the Alliance has rarely permitted itself: ambition. Where the DDA's earlier fighters were optimised for logistics - fast, disposable, specialised - the Tianbang was designed to win. Equal parts fighter, interceptor and strike platform, it carries a large ordnance loadout and the flux capacity to use them across an extended engagement.",,,,,
XLII_shangshu,SHIP,"The Shangshu is the newest bomber the Alliance should have built before the Eldsich - purpose-designed rather than repurposed, and built around the assumption that the crew should survive the run. Where its predecessor stripped everything in service of a single payload, the Shangshu retains a defensive armament and the structural integrity to return from an engagement. It is slower than a fighter and will never be mistaken for one, but it is exactly what it was designed to be: a bomber that comes back.",,,,,
XLII_thorne,SHIP,"The Thorne was commissioned with a specific problem statement: the previous generation of fighters was too slow to catch what the Alliance needed caught, too fragile to survive the attempt, and too short-legged to be useful across the engagements that actually mattered. Its single autocannon is a downgrade on paper from the Grumium's twin mounts, and pilots raised on the older type have been vocal about it. They have also, gradually, stopped complaining - speed means the Thorne chooses its fights in ways the Grumium never could. It does not brawl, it dances.",,,,,
XLII_tiangou,SHIP,"The Tiangou is the Alliance's newest combat platform, designed without compromise for both anti-ship and anti-fighter operations. Expanded flux banks and exceptional speed reflect doctrine carried to its logical conclusion. Performance thresholds, the engineering team's own models flagged as unreachable, were cleared regardless. Full fleet transition remains stalled by production constraints that show no sign of resolution.",,,,,
XLII_drone_assault,SHIP,"An advanced combat focused drone. Its powerful weapon system allows it to effective engage fighters, missiles or even ships, if left unshielded.",,,,,
XLII_drone_utility,SHIP,"Slow and not very sturdy, this combat-modified mining drone is nonetheless capable of keeping hostiles off its mothership for a time. Fielded in numbers, it can even present a credible threat to smaller combat ships.",,,,,
XLII_rastaban_mrm,SHIP,The Excalibur is an advanced hunter-killer drone. Meant as a way to keep the Rastaban-class Destroyer as light as possible by removing some of the internally mounted missiles from the ship.,,,,,
XLII_draconis_station1,SHIP,"A purpose-built Draconis orbital fortress, assembled new rather than converted from salvaged hulls. A central docking and command hub is flanked by twin hangar decks and weapon platforms, with heavy ballistic and missile batteries covering every bearing. Fighter wings are held in reserve to deal with anything that slips past the main guns.",,,,,
XLII_draconis_station_hangar1,SHIP,"A hangar module capable of servicing and launching two wings of fightercraft. Unlike derelict station designs, it is fully crewed and life-supported rather than automated. Point defense turrets cover the bay against strikecraft and light warships that get past the fortress's main batteries.",,,,,
XLII_draconis_weapon_platform1,SHIP,"A weapons module mounting heavy ballistic and missile batteries, linked into the station's fire-control grid. Built from conventional materials rather than salvaged composites, making it straightforward to repair at any Alliance shipyard.",,,,,
XLII_draconis_station_blocker1,SHIP,"An armored structural spur connecting the fortress's weapon platforms and hangar decks to its central hub. Unarmed, but its mass and placement help absorb fire aimed at the systems it shields.",,,,,
XLII_module_sunsetter_armor_front,SHIP,"A huge piece of applique armor mounted on the bow of the Sunsetter, allowing the ship to wade through impossibly heavy fire to close with its primary target. The modular design was originally intended to minimize shipyard downtime.",,,,,
XLII_module_sunsetter_armor_back,SHIP,"A huge piece of applique armor mounted on the stern of the Sunsetter, allowing the ship to wade through impossibly heavy fire while disengaging. The modular design was originally intended to minimize shipyard downtime.",,,,,
XLII_module_sunsetter_armor_left,SHIP,"A huge piece of applique armor mounted on the left flank of the Sunsetter, allowing the ship to wade through impossibly heavy fire to focus on its primary target. The modular design was originally intended to minimize shipyard downtime.",,,,,
XLII_module_sunsetter_armor_right,SHIP,"A huge piece of applique armor mounted on the right flank of the Sunsetter, allowing the ship to wade through impossibly heavy fire to focus on its primary target. The modular design was originally intended to minimize shipyard downtime.",,,,,
XLII_pulao,SHIP,"An uncrewed interceptor drone armed with a rapid-fire launcher and a point-defense laser, the Pulao is built to screen capital ships against fighters and missiles rather than engage warships directly. With no pilot to protect, losses are considered an acceptable cost of doing business.",,,,,
XLII_evasionprotocol,SHIP_SYSTEM,"Simultaneously deploys countermeasures and engages emergency maneuvering thrusters. The system dumps chaff and flares to confuse incoming ordnance while redirecting all available power to the RCS thruster array, dramatically improving the ship's acceleration and top speed for a brief period.

Originally developed for capital ship escorts operating in heavy missile environments, the system has proven equally effective for breaking contact with hostile fighters and evading energy weapon fire. The rapid acceleration changes can be punishing on crew and equipment alike.",Movement,Launches flares and chaff while greatly increasing the ship's speed and acceleration for rapid evasive maneuvers.,,The ship's top speed is increased by {{200}} and acceleration is dramatically improved. Deploys flares to confuse the guidance systems of nearby enemy missiles.,
XLII_safety_overrides,SHIP_SYSTEM,"Briefly overrides standard safety protocols and operational limits, pushing the ship's systems and engines to their extremes. The override dramatically increases engine output and flux dissipation rates while preventing emergency venting procedures - a necessary safety measure to avoid catastrophic overloads during the high-energy operation.

Larger ships see diminishing returns from the system due to their more complex power distribution networks and additional safety interlocks. Fleet regulations strictly prohibit routine use of this system outside of genuine emergencies. Expect reprimanding and lots of paperwork afterwards.",Movement,Overrides safety protocols to dramatically boost top speed with a corresponding increase in acceleration and flux dissipation. Allows the zero-flux engine boost to take effect regardless of flux level. Prevents emergency venting while active.,,Increases top speed by {{50}}/{{40}}/{{30}}/{{20}} depending on hull size and doubles flux dissipation rate. Emergency venting is disabled while the system is active.,
XLII_flarelauncher,SHIP_SYSTEM,"Rapidly deploys a comprehensive countermeasure suite consisting of chaff clouds and flare dispensers. The system floods the local area with metallic particulates and thermal decoys, creating a defensive screen that confuses missile guidance systems and disrupts enemy targeting solutions.

The automated deployment sequence prioritizes speed over efficiency, expending multiple countermeasure canisters simultaneously to ensure maximum coverage in high-threat scenarios.",Defensive,Rapidly deploys chaff and flares to confuse enemy missiles and disrupt targeting systems.,,Deploys chaff clouds and flares to confuse the guidance systems of nearby enemy missiles and interfere with enemy targeting.,
XLII_eam_suite,SHIP_SYSTEM,"Activates a battlefield-scale electronic attack suite that floods hostile sensors and defensive grids with destabilizing interference. Enemy vessels caught within range become far more vulnerable to incoming fire as their shields, armor harmonics, and hull integrity monitors are forced into constant failure states.

The price for this power is real, though not proportional. Maintaining such an aggressive broadcast still forces the host vessel to disable part of its own protection - a fraction of what it inflicts on everything else in range, but a fraction it pays regardless.",Offensive,Projects a jamming field that makes all enemy ships within range take increased damage. The user takes a smaller increase in damage taken while active.,,All enemy ships within {{2000}} su take {{35%}} more damage from all sources. The user also takes {{10%}} more damage while the system is active.,
XLII_ecm_suite,SHIP_SYSTEM,"Launches a brief but intensive electronic attack across all relevant wavelengths of the electromagnetic spectrum. The system floods local space with broadband interference designed to overwhelm the guidance systems of incoming ordnance, causing missiles to lose target lock and detonate harmlessly or drift inert.

The jamming pulse is precisely targeted and highly effective, capable of neutralising even the most sophisticated missile guidance packages within seconds of activation.",Defensive,Launches an electronic attack that instantly disables all enemy missiles within range. Brief activation with limited charges.,,Disables all enemy missiles within {{1000}} su instantly.,
XLII_ecm_suite_Fighter,SHIP_SYSTEM,"Launches a brief but intensive electronic attack across all relevant wavelengths of the electromagnetic spectrum. The system floods local space with broadband interference designed to overwhelm the guidance systems of incoming ordnance, causing missiles to lose target lock and detonate harmlessly or drift inert.

The jamming pulse is precisely targeted and highly effective, capable of neutralising even the most sophisticated missile guidance packages within seconds of activation. This is the Fighter-mounted version, and thus operates at reduced power to prevent interference with the host wing's own systems.",Defensive,Launches an electronic attack that instantly disables all enemy missiles within range. Brief activation with limited charges.,,Disables all enemy missiles within {{250}} su instantly.,
XLII_esw_suite,SHIP_SYSTEM,"Establishes a sustained broad-spectrum electronic attack across all relevant wavelengths of the electromagnetic spectrum. The system continuously broadcasts interference patterns that scramble enemy weapon targeting computers and fire-control systems, with the jamming effect weakening as targets move closer to the source.

Ships at the edge of the jamming field experience severe targeting disruptions and range penalties, while those that manage to close distance find their systems gradually recovering functionality. The sustained nature of the attack makes it ideal for area denial and forcing enemy formations to commit to close-range engagements.",Offensive,"Continuously jams enemy weapon systems, reducing their effective range. Distant enemies suffer greater penalties than those at close range.",,Reduces enemy weapon range within {{2500}} su. Range penalty varies from {{25%}} at maximum distance to {{5%}} at close range.,
XLII_mrm_strike,SHIP_SYSTEM,"Sends a Kill order to one of the Excalibur drones. The drone tracks a nearby target like a missile, dealing massive area damage on impact.",Offensive,,,,
XLII_temporalshell,SHIP_SYSTEM,"Manipulates the ship’s time flow to significantly enhance combat performance. Activation briefly freezes time. Upon deactivation, time reverts, restoring the ship to its standard operational state.",Movement,"Temporally distorts the ship’s time flow to boost fire rate, flux management, and maneuverability while generating shifting, vivid afterimages.",,Time slows to a halt on board the ship.,
XLII_temporaldash,SHIP_SYSTEM,"Manipulates the ship’s time flow to significantly enhance combat performance. Activation briefly freezes time. Upon deactivation, time reverts, restoring the ship to its standard operational state.",Movement,"Temporally distorts the ship’s time flow to boost fire rate, flux management, and maneuverability while generating shifting, vivid afterimages.",,Time slows to a halt on board the ship.,
XLII_temporaldash_fighter,SHIP_SYSTEM,"Manipulates the ship’s time flow to significantly enhance combat performance. Activation briefly freezes time. Upon deactivation, time reverts, restoring the ship to its standard operational state.",Movement,"Temporally distorts the ship’s time flow to boost fire rate, flux management, and maneuverability while generating shifting, vivid afterimages.",,Time slows to a halt on board the ship.,
XLII_drone_assault,SHIP_SYSTEM,Deploys a squadron of autonomous point-defense drones that maintain formation around the host vessel.,Special,,,,
XLII_lidararray,SHIP_SYSTEM,"Greatly increases the range, rate of fire, and accuracy of hardpoint weapons while temporarily standing down turrets and all beam weapons. When not in use, provides a smaller passive boost to the range of all weapons. This variant has undergone some design compromises that reduce maneuverability while in use.",Offensive,"Greatly increases the range, rate of fire, and accuracy of hardpoint weapons while temporarily standing down turrets and all beam weapons. Additionally, while active, decreases speed and maneuverability. When not in use, provides a smaller passive boost to the range of all weapons",,"While the system is active, hardpoint weapons receive {{100%}} increased range and {{200%}} increased rate of fire. Recoil is reduced by {{75%}}, and projectile speed is increased by {{50%}}. Decreases speed and maneuverability by {{20%}}.

While the system is in passive mode, the range of all non-missile weapons is increased by {{35%}}.",
XLII_phasetorparray,SHIP_SYSTEM,Deploys several phase-synchronised torpedoes that materialise alongside the ship. Automated fire control handles payload timing through predictive methods that have raised questions during post-action audits. Can be used while phased.,Offensive,"Fires a guided heavy phase torpedo, dumbfired when without a target solution. Each torpedo deals 1000 High Explosive damage in an area. Can be used while phased.",1000 High Explosive,"Each torpedo deals {{1000 High Explosive}} damage, and can be deployed up to a range of approximately {{1200}} su. Missiles fired from phase space materialise within {{500}} su of their target.",
XLII_missilebarrage,SHIP_SYSTEM,Launches missile volleys at enemies in the forward arc at regular intervals while increasing weapon damage and rate of fire. The ship's speed is reduced and each volley generates significant flux.,Offensive,Launches missile volleys at enemies in the forward arc. Each missile deals 300 High Explosive damage. Increases weapon damage and rate of fire while active; reduces top speed and generates flux.,300 High Explosive,Ballistic and energy weapon damage and rate of fire are increased by {{25%}}. Top speed is reduced by {{10%}}. Each missile generates {{500}} flux and each missile deals {{300 High Explosive}} damage.,
XLII_flux_cycler,SHIP_SYSTEM,"Routes incoming fire through the shield matrix in a reactive absorption cycle, compressing flux bleed to a fraction of its nominal value while the system runs. On deactivation, the intercepted charge is vented directly into weapon cycling systems - output and rate of fire, indexed to the load absorbed. The effect dissipates as the stored charge bleeds off.",Defensive,"While active, greatly increases the efficiency at which damage is absorbed. On cooldown, the intercepted energy is vented into weapon systems as a proportional damage and fire rate bonus, decaying over time.",,"While active: greatly increases the efficiency at which damage is absorbed and stores the damage taken.

While cooling: ballistic and energy weapon damage is increased by up to {{+75%}}, and rate of fire by up to {{+50%}}, proportional to incoming fire absorbed during the active window. Both bonuses decay linearly to zero over the {{10 second}} cooldown. Hull impacts and unshielded hits do not contribute.",
XLII_plasmajets,SHIP_SYSTEM,"Provides a brief but extreme boost to top speed, along with a slight maneuverability boost.",Movement,Provides a massive increase to top speed and a slight maneuverability boost.,,The ship's top speed is increased by {{125}}. The ship also receives a significant boost to its turn and acceleration rates.,
XLII_plasma_burn,SHIP_SYSTEM,Engages a low-grade primary burn on the system travel drive of the ship. This burn can be maintained indefinitely.,Movement,Engages a low-grade primary burn on the system travel drive of the ship. This burn can be maintained indefinitely.,,The ship's top speed is increased by {{125}}.,
XLII_phaseteleporter,SHIP_SYSTEM,The ship instantly teleports to any desired nearby location.,Movement,The ship instantly teleports to any desired nearby location.,,The target location can be up to {{800}} su away.,
XLII_capacitance_core,SHIP_SYSTEM,"Saturates weapon capacitor banks with residual electromagnetic charge. Every weapon impact - projectile or beam - discharges this energy as localised EMP arcs proportional to the weapon's damage output. Against targets at high hard flux levels, the arcs can pierce shields entirely. The capacitor feed also allows a fraction of the ship's flux dissipation to vent hard flux passively for the duration.",Offensive,"Charges all weapons with electromagnetic energy, adding bonus EMP damage to every weapon impact. Allows passive hard flux dissipation while active.",,All weapon impacts deal bonus EMP damage equal to the projectile's base damage. EMP arcs can pierce shields on targets with high hard flux levels. {{5%}} of flux dissipation is applied to hard flux while the system is active.,
XLII_capacitor_overdraw,SHIP_SYSTEM,"Draws its charge from the ship's own hard flux level rather than banking damage through the shields. Ballistic capacitor banks pull directly off whatever charge the hull is already carrying: rate of fire climbs and bled current arcs out through each impact as bonus energy discharge, both scaling to how hard the shields are working in the moment. The feed runs both ways - ballistic flux cost climbs with the draw, so the guns get louder exactly as the margin for a mistake gets thinner.",Offensive,Ballistic rate of fire and bonus energy damage scale with the ship's current hard flux level. Ballistic weapon flux cost increases by the same proportion while active.,,"Ballistic rate of fire increases up to {{+60%}} and ballistic weapon impacts deal up to {{+40%}} bonus energy damage, both scaling linearly with current hard flux level. Ballistic weapon flux cost increases by up to {{+50%}} under the same scaling.",
XLII_emergency_repairs,SHIP_SYSTEM,Initiates emergency damage control across all accessible hull sections. Automated systems seal breaches and restore structural integrity while remaining armor plating is redistributed to equalise coverage - stripping material from intact sections to reinforce compromised areas. Engine output is reduced significantly for the duration to stabilise the ship during repairs. The system will not activate unless the ship has sustained hull damage.,Defensive,Repairs hull damage and redistributes remaining armor evenly across the ship. Reduces top speed while active. Can only be activated when the ship has sustained hull damage.,,Repairs {{40%}} of maximum hull over the active duration. Remaining armor is redistributed evenly across all intact armor cells. Top speed is reduced by {{25%}} while active.,
XLII_shunt_drive,SHIP_SYSTEM,"Expends a burst of forward thrust, rapidly accelerating the ship along its current heading. Useful for closing to firing range or wrenching the shield arc onto a new threat.",Movement,"Dumps the output of the main drives into a single hard surge along the ship's axis, flinging the ship bodily forward.",,"The ship surges forward, briefly increasing top speed by {{225}} and dramatically boosting acceleration for the duration of the burn. Maneuverability is reduced while the system is active.",
XLII_signal_hijack,SHIP_SYSTEM,"Launches a focused electronic attack across all relevant wavelengths of the electromagnetic spectrum. The system floods local space with broadband interference, then, after severing control, overrides their guidance systems, causing missiles to reverse course and track any chosen vessel. The jamming pulse is precisely targeted and highly effective, capable of converting even the most sophisticated missile guidance packages within seconds of activation.",Defensive,Launches an electronic attack that slowly converts all enemy missiles within range.,,Slowly steals all enemy missiles within {{1500}} su.,
XLII_salvobank,SHIP_SYSTEM,"Every hit against a target feeds a portion of its damage into a bank rather than spending it downrange, the stored charge cast into standby torpedoes that flank the hull until called. It runs against the Nushi's whole design philosophy - the class exists to keep firing, not to hold anything back - and gunnery officers who trust the system too far have watched a full bank go down with the ship that grew it, along with every torpedo still waiting in formation.",Offensive,"Diverts a portion of weapon damage dealt into a torpedo bank. Activating releases the entire bank as a timed ripple, guided against a target in range or dumbfired without one.",500 High Explosive,"{{25%}} of weapon damage dealt while the system is idle is banked toward the next torpedo; each torpedo requires {{500}} banked damage to arm, up to a maximum of {{12}} in standby at once. Releasing the bank fires every torpedo in a ripple that always empties in roughly the same span, however many are queued. Each torpedo deals {{500 High Explosive}} damage on impact and can track a target within {{2000}} su, or fires dumbfire without one.",
XLII_wing_timedilation,SHIP_SYSTEM,"Diverts all non-essential power reserves into the fighter's propulsion and maneuvering thrusters, pushing them well beyond their rated operational limits for a brief window. The surge dramatically increases engine output, tightening turn radii and boosting top speed.",Movement,Overdrives thrusters to grant a significant but brief boost to speed and maneuverability.,,,
XLII_wing_timedilation_ii,SHIP_SYSTEM,"Diverts all non-essential power reserves into the fighter's propulsion and maneuvering thrusters, pushing them well beyond their rated operational limits for a brief window. The surge dramatically increases engine output, tightening turn radii and boosting top speed.",Movement,Overdrives thrusters to grant a significant but brief boost to speed and maneuverability.,,,
XLII_rastaban_missile,WEAPON,"An advanced, semi-autonomous loitering munition that patrols a wide area around its host ship before diving onto targets with surgical precision. Designed for long-duration presence and opportunistic strikes, it excels in chaotic battlespaces. Its range and fuel load make it an incredibly persistent weapon once launched.",,,,,
XLII_durendal,WEAPON,"""Gunnery crews aboard Thuban-class hulls report that the mount 'whispers' during its charge cycle. Assessment: coil harmonics, within tolerance. The mount's habit of refining its own firing solution after target lock is likewise within specification. The author of that specification is not a subject of this report.""","- Alliance Intelligence Office, routine monitoring protocol",,,,
XLII_durendal_mkii,WEAPON,"""Command says it's a precision weapon. But I’ve seen what happens when the firing vector drifts two degrees mid-charge - it peeled an entire station habitat off its ring. That's not precision. That’s God pointing a finger.""",- Capt. Adrien Vale  -  Task Group Elbrus,,,,
XLII_fragarch,WEAPON,"""Engineering keeps screaming about thermal overloads every time we fire this thing. Half the ship goes dark for three seconds while the capacitors recharge. But when you watch that tungsten rod turn a destroyer's bow section into molten slag... Worth every blown fuse.""",- Chief Gunner Rodriguez  -  8th Fleet,,,,
XLII_fragarch_fighter,WEAPON,"A fighter-scale derivative of the Fragarach, reduced to approximately one-third its mass and capacitor footprint. The operating principle is unchanged: a dense tungsten penetrator staged to hypervelocity through magnetic rails. At these velocities, armor at the point of contact does not yield so much as cease to be solid. Most fighter frames lack the flux capacity and physical space to mount it.",,,,,
XLII_ttc,WEAPON,"""Three barrels. Conventional propellant. A magazine of unremarkable depth feeding shells of unremarkable composition. Standard fire-control systems. No undocumented firmware. No anomalous materials. No efficiency discrepancy between input and output. It fires; the rounds go where they are pointed. I have now spent more time documenting the absence of findings than I have analysing the weapon itself. The Alliance continues to send us guns that should not exist - and then, periodically, this. I begin to suspect they include it deliberately. I no longer find it funny.""","- Tri-Tachyon R&D report on the TTC ""Trebuchet""",,,,
XLII_longsword,WEAPON,"""The brief asked for velocity, so velocity is what they got: paired barrels, a coil-assist stage behind conventional propellant, and a solid shell that crosses the gap faster than most helmsmen can angle a shield to meet it. No fuse, no guidance, no cleverness downrange - all the cleverness is spent before the round leaves the barrel. 'Don't be a dumb rock; be a brilliant pebble.'""",- Lead R&D scientist  -  Project Oberhau,,,,
XLII_swordbreaker,WEAPON,"""It makes the CTTs wince whenever we need to unload a salvo. But once you've seen a Reaper torpedo full burn towards you, get intercepted, you quickly forgive the radar saturation.""",- Capt. John Mays  -  27th Fleet,,,,
XLII_estocflak,WEAPON,"""After the war. We've had countless new adversaries emerge, and they've given us more and more reason to arm every ship with twenty of these. Cover their battlespace in flak, pick through the scrap after.""",- Capt. John Mays  -  27th Fleet,,,,
XLII_razorflak,WEAPON,"""The rate of fire isn't a number. It's a noise - one continuous noise. It puts up a wall that a missile has to be very lucky to live through. And if your armor's already gone when that wall swings toward you, it doesn't punch holes in what's left. It removes surfaces.""",- Capt. Adrien Vale  -  Task Group Elbrus,,,,
XLII_rapier,WEAPON,"""The original design goals intended this to be a ground-based assault gun, but the ole Department of Acquisitions & Sustainment instead got this thing; too big, too complex and too expensive. So they gave it to us instead - And what a gift it was.""",- Capt. John Mays  -  27th Fleet,,,,
XLII_LaWS,WEAPON,"""Designation; AN/SEQ-2. A multi-use LASER weapon system - supplied doctrine documents imply a dual-use case, wherein the weapon is either used to paint targets such as missiles or fighters, or can, in rarer instances, function as a directed-energy weapon. A novel concept, but its effect on target is yet to be tested, pending our assigned Draconis Navy liaison.""",- Tri-Tachyon R&D scientist tasked to Project Drakonis,,,,
XLII_particlelance,WEAPON,"""Initial reports of a new LASER-based weapon in use by the militia in star system 42-D-b have proven to be false. Testing of an example obtained by intelligence has shown it works on a principle more similar to a particle collider. A stream of heavy particles is accelerated in a series of rings to a high fraction of C before being released towards a target. Energy usage is very high, however effect on unshielded targets is promising. Acquired documentation indicates an internal designation of AN/SEQ-7. Recommend further research into the operating principles of the weapon system for independent development.""",- Tri-Tachyon R&D scientist tasked to Project Drakonis,,,,
XLII_particlelance_fighter,WEAPON,"A miniaturized version of the Particle Burst Lance built into the Assault Drone, with its range cut sharply in exchange for autofire control and a point-defense role. The accelerator ring is small enough to fit within the drone's hull, but still burns through its limited charge in seconds.",,,,,
XLII_sovnyalance,WEAPON,"""The sample delivered per standing agreement arrived without documentation - again. Disassembly reveals no obvious innovation; the acceleration chamber is a scaled AN/SEQ-7 derivative. Yet output exceeds input by a factor our models cannot account for. Liaison denies requests for full schematics, citing 'operational security.' The Alliance either cannot or will not explain how a weapon of this yield is manufactured on a corrupted nanoforge. Both possibilities concern us.""",- Tri-Tachyon R&D scientist tasked to Project Drakonis,,,,
XLII_cestus,WEAPON,"""The classification as a coilgun is technically accurate but misleading. The projectile is not a slug - it is a delivery system. Guidance surfaces, a miniaturised targeting package, and an EMP payload housed in a subcaliber penetrator casing. The weapon accelerates it like a coilgun. The round decides what to do next. The limited magazine is an acknowledgement that the round is expensive.""",- Tri-Tachyon R&D scientist tasked to Project Drakonis,,,,
XLII_twinspear,WEAPON,"""We jury-rigged two atomic artillery pieces together to make this. Y'know they were only meant for atmospheric use? But command needed a miracle and nothing says divine intervention like a hundred-kiloton explosion.""",- Capt. John Mays  -  27th Fleet,,,,
XLII_chaingun,WEAPON,"""First shot shook the walls. I thought it was artillery at first. Then the second shot came. Then a third - and by then it wasn't shots anymore, it was just sound. Just this constant, awful sound that didn't stop for almost a minute. We didn't know what it was until after the JTAC got back... I'm sorry about your home. Genuinely. I just - someone should say it. Someone who was there should say it.""","- Recorded, Kori Station. Archived by the Alliance Intelligence Office, routine monitoring protocol.",,,,
XLII_naginata,WEAPON,"""Anyone who's run dispersal ops with the 42nd knows the platform. Fast, precise, impossible to kill before it gets where it's going. But someone in R&D decided the payload was the limiting factor. A magazine deep enough to embarrass a planet-side battery, an intercept window so narrow it barely matters, and a warhead a Halberd crew would mistake for the fuse - which is the kind of sentence that only makes sense in this fleet.""",- Admiral C. W. Niemiec  -  XLII Battlegroup,,,,
XLII_halberd_pod,WEAPON,"""Standard doctrine says one Halberd per target. Command looked at the loss projections, looked at the ammo budget, and authorised the twin mount. Now we file two sets of paperwork while the enemy files two sets of next-of-kin.""",- Capt. John Mays  -  27th Fleet,,,,
XLII_halberd,WEAPON,"""We call it the 'Sword of Bureaucracy.' Why? Because it's slow, it's heavy, and it takes three forms to authorize a launch. But by God, when that nuke arcs in and kisses a cruiser mid-burn... It's worth it.""",- Capt. John Mays  -  27th Fleet,,,,
XLII_halberd_fighter,WEAPON,"Built when antimatter factories were a distant dream, this massive cryogenic deuterium vat warhead relies on a simple fission seed and raw fuel volume. Slow, unwieldy, and rare - but when the burn wave finishes its work, entire ships simply cease to exist.",,,,,
XLII_bardiche_large,WEAPON,"""The targeting officer called it 'excessive ordnance allocation.' I called it insurance. Fifteen tubes cycling in five-round salvos, each warhead threading its own approach vector. The Heg destroyer tried to point-defense its way through. Admirable, really. By the fourth salvo there wasn't enough left to identify which ship it had been.""",- Capt. Adrien Vale  -  Task Group Elbrus,,,,
XLII_bardiche,WEAPON,"""Five came at once. I watched them curve around the prow, almost lazy in their approach. They weren’t fast anymore - they didn’t have to be. Our armour had already given way. The first three gutted the CIC. The rest... I don’t know. I woke up in a lifeboat, and the ship was gone.""","- Excerpt from psych eval, Crewman First Class R. Tennant",,,,
XLII_bardiche_fighter,WEAPON,"A fighter-integrated version of the Bardiche MRM launcher, firing the same spread of unguided fragmentation submunitions from a fixed internal magazine rather than a swappable weapon mount. The shorter range reflects the smaller rocket motors needed to fit the launcher inside a fighter-scale airframe.",,,,,
XLII_bardiche_single,WEAPON,"""Ratings call them 'party favours.' A tube, missiles, seconds to reload. The brass wanted volume fire from platforms too small to carry real ordnance. So we gave them quantity. You don't need to kill a frigate with one of these - you just need to remind it that there are seven more frigates behind you, all carrying the same 'gift'.""",- Chief Gunner Rodriguez  -  8th Fleet,,,,
XLII_bardiche_built-in,WEAPON,"""Yard crews will tell you the launcher wasn't fitted to the Eltanin - the Eltanin was assembled around the launcher. You can't pull it without cutting primary structure, and nobody has ever filed the request. Doctrine treats the swarm as a solution to the enemy's point-defense budget: drown it in contacts, and if the armour underneath is already cracked, the stragglers finish the arithmetic.""","- Refit supervisor, Kori Naval Yards",,,,
XLII_gundao,WEAPON,"""The battery magazine provision is not a clerical error; I confirmed the figure three times and telephoned the requesting officer, who confirmed it a fourth time. It is the single largest standing ammunition allocation this department has ever authorised for one weapon. I have assigned a second clerk to the resulting paperwork.""",- Director Oswin Pryce - Dept. of Acquisitions & Sustainment,,,,
XLII_mangonel,WEAPON,"""Captured FDR logs indicate HEGINT operatives within force recon suffered severe damage from an unknown weapon while investigating militia technology in star system 42-D-b. An example was obtained following the failed espionage efforts. The delivery mechanism is a rocket with several submunitions, each containing a chamber of plasma gas encased in a high-efficiency piezoelectric shell that superheats gas upon impact, in effect evading the challenges of plasma weapons by eliminating the need for external stabilisation at the cost of terminal effectiveness. Conclusion: Technology is a dead end. No further research is required.""","- Tri-Tachyon R&D report on the MGM-15 ""Mangonel""",,,,
XLII_pike,WEAPON,"""Archaic, outdated and obsolete. But tossing tungsten rods is one of humanity's greatest creations, and nothing else does the job this cheap.""",- Capt. John Mays  -  27th Fleet,,,,
XLII_culverin,WEAPON,"""The HE slugs are an improvised solution to a materials problem - solid penetrators require coil tolerances the Alliance forges definitely cannot produce. So the warhead makes up for the kinetic energy deficit by lowering velocity. Inelegant, but functional. More interesting is the slug casing itself. The alloy composition is optimised for a specific magnetic permeability profile that the Kori nanoforge has no business producing consistently. The fabrication tolerances in the documentation are not the result of iteration. Someone wrote the final specification first.""","- Tri-Tachyon R&D report on the EMCG ""Culverin""",,,,
XLII_koncerz,WEAPON,"""The plasma containment architecture is a refinement of known principles - an extended semi-stability window, marginally improved magnetic driver efficiency. The documentation is thorough; tolerances are specified to a precision that iterative design does not produce. Performance testing confirms the yield improvement. We have appended, for the record, that the fabrication cost exceeds the hull it mounts on. We were notified this was already known.""","- Tri-Tachyon R&D report on the LIPC ""Koncerz""",,,,
XLII_montante,WEAPON,"""Costs are - by the standards of this department - almost embarrassingly low. Ammunition is cheap, the maintenance cycle is manageable, and spare parts have not required a special allocation request. After several years of approving weapons whose documentation reads like it was authored by someone who learned to write in a cryosleep tank, I find a certain quiet pleasure in a gun that keeps logistics in mind. Approved.""",- Deputy Director R. Callahan - Dept. of Acquisitions & Sustainment,,,,
XLII_shashka,WEAPON,"""The requisition included a standing ammunition resupply schedule, which for a ballistic weapon system required me to locate a form this department has not printed in living memory. The engineering summary explains it plainly enough: the Flamberge's accelerator was cut down until it fit a ship-of-the-line, and the fabricator assembly was the first thing sacrificed to make the length. What remains throws a lighter shell from a fixed magazine - and the gunnery assessments attached suggest that 'lighter,' in this lineage, is a relative term. Approved, along with the resupply schedule. I have instructed the clerks to print more forms.""",- Director Oswin Pryce - Dept. of Acquisitions & Sustainment,,,,
XLII_piernacz,WEAPON,,,,,,
XLII_falconet,WEAPON,,,,,,
XLII_falconet_fighter,WEAPON,,,,,,
XLII_hankyu_torpedo,WEAPON,"""Approved under expedited review. I note the designation HEDP is shared with a class of infantry grenade ordnance in the ground forces manual, which has generated three separate misfiled requisitions from rating-level personnel this quarter alone. I have forwarded a nomenclature clarification request to the relevant office.""",- Director Oswin Pryce - Dept. of Acquisitions & Sustainment,,,,
XLII_hankyu_torpedo_pod,WEAPON,"""The operational case was thorough, and I have no objections. I will observe that the previous allocation was also described as thorough, and that the after-action report from its first deployment contained words I had to look up. I looked them up. Allocation approved.""",- Director Oswin Pryce - Dept. of Acquisitions & Sustainment,,,,
XLII_daikyu_torpedo_large,WEAPON,"""The specification package was complete, correctly formatted, and cited its sources. In twenty-two years of procurement, I have learned that a weapon whose documentation is this clean either came from somewhere we don't discuss, or someone very intelligent wants it to appear that way. In either case, the paperwork is in order.""",- Director Oswin Pryce - Dept. of Acquisitions & Sustainment,,,,
XLII_hankyu_fighter,WEAPON,A single-shot torpedo for strike craft. The warhead's high-energy-density compression sequence produces a detonation yield that makes no concession to the platform delivering it - what emerges from the initiation event is disproportionate to what went in.,,,,,
XLII_kestros,WEAPON,An old-pattern rotary autocannon salvaged from surplus Alliance ground SHORAD assets. Most commonly found embedded in the wings of the many DDA fighters with characteristic disregard for structural convention. The kinetic output per burst is sufficient to concern vessels several weight classes above the platform delivering it. Tolerance ratings are not discussed in the documentation.,,,,,
XLII_arquebus,WEAPON,"Small, optimised for delivery against discrete targets rather than saturation, as the warhead yield is middling. The Arquebus earns its keep by hitting where it is aimed, which is more than can be said for cheaper alternatives. Essentially wasted on anything larger than a Corvette.",,,,,
XLII_billhook,WEAPON,"The Billhook is uncomplicated: a large warhead, a fast burn, and the assumption that something will be in the way. Individual accuracy is poor. Collective accuracy, with enough tubes firing, is adequate.",,,,,
XLII_backsword,WEAPON,"Slow and imprecise by modern standards, and fitted with an early-pattern guidance seeker notorious for terminal-phase drift, the Backsword was never elegant. What it was, and remains, is available - the high-explosive warhead is the Backsword's only concession to generosity.",,,,,
XLII_falchion,WEAPON,"The Falchion shares the Backsword's airframe and its sins - the same sluggish flight profile, the same early-pattern guidance seeker, the same terminal-phase drift. Where they differ is in payload. The Backsword detonates. The Falchion's penetrator warhead is dense, inert, and unimpressed by shields.",,,,,
XLII_annihilator_fighter,WEAPON,"A militia-pattern refit of the ubiquitous Annihilator, typically used to strip away enemy armor once shields are down. This version has been modified with a basic guidance system.",,,,,
XLII_scimitar,WEAPON,"The Scimitar's warhead carries virtually no conventional explosive charge. The mass is allocated entirely to an EMP generator of sufficient output to collapse active shielding and disable primary systems across a substantial hull section. Ships struck by a Scimitar continue to exist. What they cannot do, for a period that varies with hull class, is fight back.",,,,,
XLII_flamberge,WEAPON,"""I'm aiming where the math swears it'll be. Get it right, and something a long way off simply comes apart - Get it wrong, and we've spent half the ship's flux punching a very expensive hole in the dark.""","- Lt. Cdr. H. Vasquez, fire control  -  21st Fleet",,,,
,,,,,,,
