id,name,cost mult,build time,income,upkeep,downgrade,upgrade,tags,data,image,plugin,desc,order,disruptDanger
XLII_highcommand,CENTCOM HQ,90,60,,6,highcommand,,"military, unraidable, tactical_bombardment, structure, codex_unlockable",,graphics/icons/industry/XLII_HighCommand.png,levianeer.draconis.data.campaign.econ.XLII_HighCommand,"The Draconis Alliance CENTCOM is the uncompromising answer to the question of Fafnir’s security. Conceived in the earliest days of the alliance, this massive subterranean complex serves as the strategic brain and backbone of the system’s spaceborne defenses, and is home to the Alliance Intelligence Office. Rumours persist that there is some hidden Domain-era technology buried deep within the core. The 'Office' assures that this is entirely false.",711000,
XLII_orbitalstation_remnant,Orbital Station - Draconis,250,200,,6,,,"station, sub_item, starfortress, unraidable, structure","{
radius:60,
variant:XLII_draconis_station1_Standard,
fleetName:Draconis Defense Station,
}",graphics/icons/industry/star_fortress.png,levianeer.draconis.data.campaign.econ.XLII_RemnantOrbitalStation,"The Alliance's own orbital watchful bulwark - a central docking hub flanked by twin weapon platforms and hangar decks, built to CENTCOM specifications rather than scavenged from a wreck. Heavy ballistic and missile batteries cover every approach, with multiple fighters wings held in reserve for anything that gets past them.

Must be reduced before a bombardment can be attempted.",711000,
,,,,,,,,,,,,,,
