name,id,tier,rarity,base value,range,damage/second,damage/shot,emp,impact,turn rate,OPs,ammo,ammo/sec,reload size,type,energy/shot,energy/second,chargeup,chargedown,burst size,burst delay,min spread,max spread,spread/shot,spread decay/sec,beam speed,proj speed,launch speed,flight time,proj hitpoints,autofireAccBonus,extraArcForAI,hints,tags,groupTag,tech/manufacturer,for weapon tooltip>>,primaryRoleStr,speedStr,trackingStr,turnRateStr,accuracyStr,customPrimary,customPrimaryHL,customAncillary,customAncillaryHL,noDPSInTooltip,number,,,,,,,,,,,,,,,,,
#BALLISTIC WEAPONS,,,,,,,,,,,,,,,,,,,,,,,,,,,,,,,,,,,,,,,,,,,,,,,,,,,,,,,,,,,,,,,,,
#SMALL,,,,,,,,,,,,,,,,,,,,,,,,,,,,,,,,,,,,,,,,,,,,,,,,,,,,,,,,,,,,,,,,,
Estoc Flak Cannon,XLII_estocflak,1,,200,450,,25,,1,160,4,60,6,30,FRAGMENTATION,1,,0,0.04,,,2,6,0.125,6,,990,,,20,0.5,,"PD,NO_TURN_RATE_BOOST_WHEN_IDLE","pd7, XLII_weapon_bp",,Draconis,,Point Defense,,,,,,,,,,711000,,,,,,,,,,,,,,,,,
#MEDIUM,,,,,,,,,,,,,,,,,,,,,,,,,,,,,,,,,,,,,,,,,,,,,,,,,,,,,,,,,,,,,,,,,
Razor Flak Cannon,XLII_razorflak,1,,500,600,,25,,1,90,8,,,,FRAGMENTATION,2,,0,0.013,,,0,5,0.125,5,,1250,,,35,0.5,,"PD,NO_TURN_RATE_BOOST_WHEN_IDLE","pd16, XLII_weapon_bp",,Draconis,,Point Defense,,,,,,,,,,711000,,,,,,,,,,,,,,,,,
Rapier Autocannon,XLII_rapier,1,,1200,900,,150,,5,16,12,6,0.7,,KINETIC,120,,0,0.5,,,0.15,0.15,,,,915,,,250,,,,"kinetic14, XLII_weapon_bp",,Draconis,,Anti Shield,,,,,,,,,,711000,,,,,,,,,,,,,,,,,
Cestus Gun Launcher,XLII_cestus,2,0.8,2100,1200,,300,500,35,12,10,40,,,ENERGY,350,,0,2.25,,,1,1,,,,750,750,2.25,500,,,GROUP_LINKED,"energy15, LR, XLII_weapon_bp",,Draconis,,General,Fast,Limited,,,,,,,,711000,,,,,,,,,,,,,,,,,
Culverin Coilgun,XLII_culverin,2,0.7,2400,900,,230,230,10,9,11,3,0.5,,HIGH_EXPLOSIVE,230,,0,1.75,,,0.1,0.1,,,,1150,,,400,,,,"he15, XLII_weapon_bp",,Draconis,,Anti Armor,,,,,"Hits on hull or armor frequently arc to weapons and engines, dealing extra EMP and energy damage. Hits on shields have a chance to generate a shield-penetrating arc based on the target's hard flux level.",,,,,711000,,,,,,,,,,,,,,,,,
#LARGE,,,,,,,,,,,,,,,,,,,,,,,,,,,,,,,,,,,,,,,,,,,,,,,,,,,,,,,,,,,,,,,,,
Montante Autocannon,XLII_montante,2,0.7,3000,900,,325,,50,18,16,,,,KINETIC,275,,0,1,,,1,4,1,4,,1450,,,750,,,,"kinetic17, LR, XLII_weapon_bp",,Draconis,,Anti Shield,,,,,,,,,,711000,,,,,,,,,,,,,,,,,
Misericorde Chaingun,XLII_chaingun,2,0.5,3200,900,,80,,25,14,22,,,,ENERGY,35,,0.0001,0.0667,,,0,5,0.15,2.75,,1425,,,40,0.35,,,"energy16, XLII_weapon_bp",,Draconis,,Suppression,,,,,Requires a brief %s second spool up before reaching it's maximum firerate.,1.75,,,,711000,,,,,,,,,,,,,,,,,
Longsword Autocannon,XLII_longsword,3,0.7,2600,1000,,400,,50,6,22,6,0.5,2,KINETIC,400,,0,1.5,2,0.25,0.1,0.1,,,,1115,,,500,,,"STRIKE,USE_VS_FRIGATES","kinetic16, XLII_weapon_bp",,Draconis,,Anti Shield,,,,,,,,,,711000,,,,,,,,,,,,,,,,,
Mangonel Gun Launcher,XLII_mangonel,3,0.5,3000,700,,600,100,25,18,24,5,0.125,1,HIGH_EXPLOSIVE,750,,0,4,,,,,,,,700,700,3,500,,,"DIRECT_AIM,NO_TURN_RATE_BOOST_WHEN_IDLE","he18, XLII_weapon_bp",,Draconis,,Special,Fast,None,,Spread Pattern,%s Each submunition hit on hull deals an additional %s damage over %s seconds. This damage is reduced by armour.,System Burn: | 100% | 6,,,,711000,,,,,,,,,,,,,,,,,
Twin Spear Cannon,XLII_twinspear,3,0.8,3800,1000,,450,450,100,6,26,6,0.4,6,ENERGY,600,,0.25,0.25,9999,1.0,3,9,2,2,,475,,,750,0.25,,DANGEROUS,"energy16, LR, XLII_weapon_bp",,Draconis,,Pressure,,,,,"Hits on hull or armor frequently arc to weapons and engines, dealing extra EMP and energy damage. Hits on shields have a chance to generate a shield-penetrating arc based on the target's hard flux level.",,,,,711000,,,,,,,,,,,,,,,,,
Trebuchet Cannon,XLII_ttc,3,0.6,3200,1000,,500,,75,16,28,6,0.4,3,ENERGY,650,,0.5,2.5,3,0.5,0,6,1,3,,1200,,,100,,,,"energy18, XLII_weapon_bp",,Draconis,,General,,,,,,,,,,711000,,,,,,,,,,,,,,,,,
Fragarach Railgun,XLII_fragarch,3,0.5,4200,1200,,1000,1000,300,6,30,,,,ENERGY,1700,,1,3,,,,,,,,5000,,,100000,,,"STRIKE,USE_VS_FRIGATES,GROUP_ALTERNATING","energy20, he16, LR, XLII_weapon_bp",,Draconis,,Strike,,,,,%s Each hit on hull deals an additional %s damage over %s seconds. This damage is reduced by armour.,System Burn: | 100% | 6,,,,711000,,,,,,,,,,,,,,,,,
,,,,,,,,,,,,,,,,,,,,,,,,,,,,,,,,,,,,,,,,,,,,,,,,,,,,,,,,,,,,,,,,,
#ENERGY WEAPONS,,,,,,,,,,,,,,,,,,,,,,,,,,,,,,,,,,,,,,,,,,,,,,,,,,,,,,,,,,,,,,,,,
#MEDIUM,,,,,,,,,,,,,,,,,,,,,,,,,,,,,,,,,,,,,,,,,,,,,,,,,,,,,,,,,,,,,,,,,
Particle Burst Lance,XLII_particlelance,2,0.8,1200,1000,1250,,,0,28,9,3,4,4,HIGH_EXPLOSIVE,,850,0.005,0.005,0.1,0.03,,,,,10000000,,,,,,,"USE_LESS_VS_SHIELDS,FIRE_WHEN_INEFFICIENT","he16, beam14, XLII_weapon_bp",,Draconis,,Anti Armor,,,,,,,,,,711000,,,,,,,,,,,,,,,,,
Shashka Mass Driver,XLII_shashka,3,0.6,3400,700,,1000,500,250,14,16,20,,,ENERGY,1500,,3,9,,,3,3,,,,1600,,,100000,,,"STRIKE,USE_VS_FRIGATES,GROUP_ALTERNATING","energy16, XLII_weapon_bp",SMD_only,Draconis,,Strike,,,,,"A powerful LIDAR beam is projected during charge up, dealing %s damage per second. Additionaly, hits create a localised explosion dealing %s damage in an area.",217 energy | 25%,,,,711000,,,,,,,,,,,,,,,,,
#LARGE,,,,,,,,,,,,,,,,,,,,,,,,,,,,,,,,,,,,,,,,,,,,,,,,,,,,,,,,,,,,,,,,,
Sovnya Burst Lance,XLII_sovnyalance,3,0.5,8000,1000,1250,,,0,24,25,,,,KINETIC,,850,0.25,0.5,1,3,,,,,6400,,,,,,,FIRE_WHEN_INEFFICIENT,"kinetic16, beam12, LR, XLII_weapon_bp",,Draconis,,Anti Shield,,,,,,,,,,711000,,,,,,,,,,,,,,,,,
,,,,,,,,,,,,,,,,,,,,,,,,,,,,,,,,,,,,,,,,,,,,,,,,,,,,,,,,,,,,,,,,,
#MISSILE WEAPONS,,,,,,,,,,,,,,,,,,,,,,,,,,,,,,,,,,,,,,,,,,,,,,,,,,,,,,,,,,,,,,,,,
#SMALL,,,,,,,,,,,,,,,,,,,,,,,,,,,,,,,,,,,,,,,,,,,,,,,,,,,,,,,,,,,,,,,,,
Swordbreaker SRM Launcher,XLII_swordbreaker,1,,300,1000,,250,,0,150,4,40,,,FRAGMENTATION,0,,0,3.25,2,0.75,7,14,14,12,,400,200,6,25,,,"PD_ONLY,ANTI_FTR,NO_MANUAL_FIRE,NO_TURN_RATE_BOOST_WHEN_IDLE","pd10, missile0, XLII_weapon_bp",,Draconis,,Point Defense (Area),Excelent,Excelent,,,,,,,TRUE,711000,,,,,,,,,,,,,,,,,
Micro Bardiche Launcher,XLII_bardiche_single,1,,1200,1500,,125,250,5,16,4,50,,,FRAGMENTATION,0,,0,5,5,0.4,6,6,,,,325,400,12,100,,,"DO_NOT_AIM,DO_NOT_CONSERVE,MISSILE_SPREAD,GROUP_LINKED","utility10, missile1, XLII_weapon_bp",,Draconis,,Suppression,Medium,Medium,,,,,,,,711000,,,,,,,,,,,,,,,,,
Halberd-class Torpedo,XLII_halberd,2,0.9,1800,1200,,4000,,250,12,6,2,,,ENERGY,0,,2,18,1,,,,,,,250,150,12,350,,,"GUIDED_POOR,STRIKE","strike16, missile14, XLII_weapon_bp",,Draconis,,Guided Torpedo,Very Slow,Very Poor,,,Hits on shields bleed %s damage through to hull.,10%,,,TRUE,711000,,,,,,,,,,,,,,,,,
Hankyu-class Torpedo,XLII_hankyu_torpedo,2,0.8,3000,2500,,3000,,750,9,8,4,,,ENERGY,0,,1,6,1,,,,,,,450,100,7,750,,,"STRIKE,DANGEROUS","strike18, missile16, XLII_weapon_bp",,Draconis,,HEDP Torpedo,Very Slow,Limited,,,,,,,TRUE,711000,,,,,,,,,,,,,,,,,
#MEDIUM,,,,,,,,,,,,,,,,,,,,,,,,,,,,,,,,,,,,,,,,,,,,,,,,,,,,,,,,,,,,,,,,,
Bardiche MRM Launcher,XLII_bardiche,2,,2100,1500,,125,250,5,14,8,200,,,FRAGMENTATION,0,,0,6,8,0.3,6,6,,,,325,400,12,100,,,"DO_NOT_AIM,DO_NOT_CONSERVE,MISSILE_SPREAD,GROUP_LINKED","utility12, missile1, XLII_weapon_bp",,Draconis,,Suppression,Medium,Medium,,,,,,,,711000,,,,,,,,,,,,,,,,,
Halberd-class Torpedo Pod,XLII_halberd_pod,2,0.8,2100,1200,,4000,,250,16,12,6,,,ENERGY,0,,2,14,1,,,,,,,250,150,14,350,,,"GUIDED_POOR,STRIKE","strike18, missile16, XLII_weapon_bp",,Draconis,,Guided Torpedo,Very Slow,Very Poor,,,Hits on shields bleed %s damage through to hull.,10%,,,TRUE,711000,,,,,,,,,,,,,,,,,
Hankyu-class Torpedo Pod,XLII_hankyu_torpedo_pod,2,0.7,6000,2500,,3000,,750,9,18,8,,,ENERGY,0,,1,9,2,0.1,,,,,,450,100,7,750,,,"STRIKE,DANGEROUS","strike20, missile18, XLII_weapon_bp",,Draconis,,HEDP Torpedo,Very Slow,Limited,,,,,,,TRUE,711000,,,,,,,,,,,,,,,,,
#LARGE,,,,,,,,,,,,,,,,,,,,,,,,,,,,,,,,,,,,,,,,,,,,,,,,,,,,,,,,,,,,,,,,,
Bardiche MLRS Launcher,XLII_bardiche_large,3,,3500,1500,,125,250,5,12,16,300,,,FRAGMENTATION,0,,0,9,15,0.2,25,25,,,,325,400,12,100,,,"DO_NOT_AIM,DO_NOT_CONSERVE,MISSILE_SPREAD,GROUP_LINKED","utility14, missile1, XLII_weapon_bp",,Draconis,,Suppression,Medium,Medium,,,,,,,,711000,,,,,,,,,,,,,,,,,
Pike MLRS Launcher,XLII_pike,3,0.7,3400,1500,,500,,10,9,28,70,,,ENERGY,0,,0,5,7,0.335,,,,,,1200,0,2.25,400,,,"DO_NOT_AIM,MISSILE_SPREAD,CONSERVE_3,STRIKE,USE_VS_FRIGATES,GROUP_LINKED","missile20, strike16, XLII_weapon_bp",,Draconis,,Finisher,Very Fast,Special,,,Unguided after a brief initial aiming stage.,,,,,711000,,,,,,,,,,,,,,,,,
Naginata MLRS Launcher,XLII_naginata,3,0.6,4200,2000,,1500,,75,14,24,24,,,ENERGY,0,,2,20,3,0.35,,,,,,400,200,14,600,,,"DO_NOT_AIM, CONSERVE_5","strike20, missile17, XLII_weapon_bp",,Draconis,,Guided Torpedo,Slow,Poor,,,,,,,TRUE,711000,,,,,,,,,,,,,,,,,
,,,,,,,,,,,,,,,,,,,,,,,,,,,,,,,,,,,,,,,,,,,,,,,,,,,,,,,,,,,,,,,,,
#OPT-IN ONLY,,,,,,,,,,,,,,,,,,,,,,,,,,,,,,,,,,,,,,,,,,,,,,,,,,,,,,,,,,,,,,,,,
Daikyu-class Torpedo Launcher,XLII_daikyu_torpedo_large,0,,9000,4000,,15000,,1000,6,35,2,,,ENERGY,5000,,2,30,1,,,,,,,325,75,11,1750,,,"STRIKE,DANGEROUS","restricted, codex_unlockable, no_dealer, no_sell",,Draconis,,HEDP Torpedo,Very Slow,Very Poor,,,Detonation deals up to %s damage to all nearby ships within %s range with damage falling off toward the edge. Unshielded targets additionally take damage equal to the area damage over approximately %s seconds. Hits on shielded targets bleed %s damage through to hull and receive an immediate flux dump equal to the radiation damage.,15000 energy | 1000 | 6 | 25%,,,TRUE,711000,,,,,,,,,,,,,,,,,
,,,,,,,,,,,,,,,,,,,,,,,,,,,,,,,,,,,,,,,,,,,,,,,,,,,,,,,,,,,,,,,,,
#BUILT-IN WEAPONS,,,,,,,,,,,,,,,,,,,,,,,,,,,,,,,,,,,,,,,,,,,,,,,,,,,,,,,,,,,,,,,,,
Mk.I Durendal Cannon,XLII_durendal,0,,100000,700,,500,,0,4,,,,,HIGH_EXPLOSIVE,750,,1.25,8.75,,,0.4,0.4,,,,900,,,100000,,,"SYSTEM,SHOW_IN_CODEX,STRIKE,USE_VS_FRIGATES",,,Draconis,,Strike,,,,,"Hits on hull create massive spalling, dealing exponentially more damage based on the mass of the target.",,,,,711000,,,,,,,,,,,,,,,,,
Mk.II Durendal Cannon,XLII_durendal_mkii,0,,100000,900,,750,,100,8,,,,,HIGH_EXPLOSIVE,1250,,1.25,6.25,,,0.2,0.2,,,,900,,,100000,,,"SYSTEM,SHOW_IN_CODEX,DANGEROUS",,,Draconis,,Strike,,,,,"Hits on hull create massive spalling, dealing exponentially more damage based on the mass of the target.",,,,,711000,,,,,,,,,,,,,,,,,
Koncerz Cannon,XLII_koncerz,0,,100000,800,,750,750,10,2,,,,,ENERGY,825,,0.5,0.5,,,,,,,,850,,,500,,,"SYSTEM,SHOW_IN_CODEX,STRIKE, USE_VS_FRIGATES",,,Draconis,,General,,,,,The targeting system is incapable of tracking fighters when on local/automatic control.,,,,,711000,,,,,,,,,,,,,,,,,
Automat Cannon,XLII_automat,0,,100000,1000,,200,,5,40,,,,,KINETIC,150,,0,1.5,,,0.15,0.15,,,,875,,,500,,,SYSTEM,,,Draconis,,General,,,,,,,,,,711000,,,,,,,,,,,,,,,,,
Automat Frag Submunition,XLII_automat_frag_sub,0,,100000,250,,1250,,30,,,,,,ENERGY,,,,,,,,,,,,500,500,0.75,100,,,SYSTEM,,,Unknown,,,,,,,,,,,,711000,,,,,,,,,,,,,,,,,
Halberd-class Torpedo (Fighter),XLII_halberd_fighter,0,,100000,1200,,4000,,250,12,,1,,,ENERGY,0,,0,0,1,,,,,,,250,150,9,350,,,SYSTEM,,,Draconis,,Torpedo,Very Slow,Very Poor,,,Hits on shields bleed %s through to hull.,10%,,,TRUE,711000,,,,,,,,,,,,,,,,,
Bardiche MRM Launcher,XLII_bardiche_built-in,0,,100000,1500,,125,250,5,14,,,,,FRAGMENTATION,0,,0,6,8,0.3,6,6,,,,250,400,12,100,,,"SYSTEM,DO_NOT_AIM,DO_NOT_CONSERVE,MISSILE_SPREAD,GROUP_LINKED",,,Draconis,,Suppression,Medium,Medium,,,,,,,,711000,,,,,,,,,,,,,,,,,
Bardiche Launcher (Fighter),XLII_bardiche_fighter,0,,100000,900,,125,250,5,16,,,,,FRAGMENTATION,0,,0,9,2,0.4,6,6,,,,250,400,12,100,,,"SYSTEM,DO_NOT_AIM,DO_NOT_CONSERVE,MISSILE_SPREAD,GROUP_LINKED",,,Draconis,,Suppression,Medium,Medium,,,,,,,,711000,,,,,,,,,,,,,,,,,
Arquebus SRM Launcher,XLII_arquebus,0,,100000,800,,125,125,5,30,,,,,ENERGY,0,,0,5,1,0,,,,,,350,100,5,75,,,"SYSTEM,ANTI_FTR,GROUP_ALTERNATING",,,Draconis,,General,Fast,Excellent,,,,,,,TRUE,711000,,,,,,,,,,,,,,,,,
Falchion-class Torpedo,XLII_falchion,0,,100000,1200,,750,,75,10,,1,,,KINETIC,0,,0,0,1,,,,,,,500,0,7,250,,,"SYSTEM,STRIKE,BOMB",,,Draconis,,Anti Shield Torpedo,Medium,Limited,,,,,,,TRUE,711000,,,,,,,,,,,,,,,,,
Backsword-class Torpedo,XLII_backsword,0,,100000,2000,,500,,25,15,,4,,,HIGH_EXPLOSIVE,0,,0,0,4,0.2,,,,,,365,100,12,500,,,"SYSTEM,STRIKE,BOMB",,,Draconis,,Anti Armor Torpedo,Medium,Limited,,,,,,,TRUE,711000,,,,,,,,,,,,,,,,,
Scimitar-class Torpedo,XLII_scimitar,0,,100000,1500,,125,2000,0,4,,1,,,KINETIC,0,,0.5,0,1,0.5,,,,,,400,50,5,350,,,"SYSTEM,STRIKE,BOMB",,,Draconis,,Anti Shield Torpedo,Medium,Limited,,,,,,,TRUE,711000,,,,,,,,,,,,,,,,,
Guided Annihilator Pod,XLII_annihilator_fighter,0,,100000,1500,,200,,5,30,,2,,,HIGH_EXPLOSIVE,0,,0,0.1,1,,0,30,15,10,,400,50,3.75,50,,,SYSTEM,,,Draconis,,Anti Armor,Fast,Limited,,,,,,,,711000,,,,,,,,,,,,,,,,,
Particle Burst Lance (Fighter),XLII_particlelance_fighter,0,,100000,700,1000,,,0,28,,3,4,4,HIGH_EXPLOSIVE,,1000,0.005,0.005,0.1,0.03,,,,,10000000,,,,,,,"SYSTEM,PD",,,Draconis,,General,,,,,,,,,,711000,,,,,,,,,,,,,,,,,
Billhook-class Torpedo,XLII_billhook,0,,100000,1500,,200,100,5,30,,1,0.2,1,HIGH_EXPLOSIVE,0,,0,5,1,0,,,,,,750,75,3,50,,,"SYSTEM,DIRECT_AIM,ANTI_FTR,GROUP_ALTERNATING",,,Draconis,,General,Fast,Excellent,,,,,,,TRUE,711000,,,,,,,,,,,,,,,,,
Kestros Autocannon,XLII_kestros,0,,100000,500,,30,,0,5,,33,4,33,ENERGY,15,,0.01,0.09,,,,,,,,1250,,,35,,,"SYSTEM,GROUP_LINKED,ANTI_FTR,PD,PD_ALSO",,,Draconis,,General,,,,,,,,,,711000,,,,,,,,,,,,,,,,,
Hankyu-class Torpedo (Fighter),XLII_hankyu_fighter,0,,100000,2000,,3000,,750,9,,1,,,ENERGY,0,,0.5,0,1,,,,,,,400,50,5,350,,,"SYSTEM,STRIKE,BOMB,DANGEROUS",,,Draconis,,HEDP Torpedo,Very Slow,Limited,,,,,,,TRUE,711000,,,,,,,,,,,,,,,,,
Claymore Railgun,XLII_fragarch_fighter,0,,100000,700,,1000,500,175,6,,,,,KINETIC,400,,0.25,5.75,,,,,,,,2500,,,100000,,,SYSTEM,,,Draconis,,Strike,,,,,%s Each hit on hull deals an additional %s damage over %s seconds. This damage is reduced by armour.,System Burn: | 100% | 6,,,,711000,,,,,,,,,,,,,,,,,
Gundao MLRS Launcher,XLII_gundao,0,,100000,2000,,125,250,5,12,,,,,FRAGMENTATION,0,,0,5,20,0.25,15,15,,,,400,350,18,100,,,"SYSTEM,DO_NOT_AIM,DO_NOT_CONSERVE",,,Draconis,,Suppression,Medium,Poor,,,,,,,TRUE,711000,,,,,,,,,,,,,,,,,
Flamberge Mass Driver,XLII_flamberge,0,,100000,900,,4000,2000,1000,6,,,,,ENERGY,5000,,3,9,,,,1,1,,,1800,,,100000,,,"SYSTEM,STRIKE,USE_VS_FRIGATES",,FMD_only,Draconis,,Strike,,,,,"A powerful LIDAR beam is projected during charge up, dealing %s damage per second. Additionaly, hits create a localised explosion dealing %s damage in an area.",217 energy | 25%,,,,711000,,,,,,,,,,,,,,,,,
,,,,,,,,,,,,,,,,,,,,,,,,,,,,,,,,,,,,,,,,,,,,,,,,,,,,,,,,,,,,,,,,,
#SYSTEM WEAPONS,,,,,,,,,,,,,,,,,,,,,,,,,,,,,,,,,,,,,,,,,,,,,,,,,,,,,,,,,,,,,,,,,
Decoy Launcher,XLII_flarelauncher,,,,400,,10,100,,,,,0,,ENERGY,0,0,0,0,2,0.5,40,40,,,,150,300,4,1,,,SYSTEM,,,Draconis,,,,,,,,,,,,711000,,,,,,,,,,,,,,,,,
Excalibur Missile Conversion,XLII_rastaban_missile,,,,2500,,2500,,75,,,1,,,HIGH_EXPLOSIVE,0,,0,1,1,,,,,,,300,100,12.5,100000,,,"SYSTEM,DIRECT_AIM","no_drop, no_drop_salvage, hide_in_codex, restricted",,Draconis,,Missile,Fast,Medium,,,,,,,TRUE,711000,,,,,,,,,,,,,,,,,
Lidar Dish,XLII_lidardish,,,,0,100,,,0,200,,3,4,4,ENERGY,,0,0.005,0.005,0.1,0.03,,,,,1000000,,,,,,,SYSTEM,lidar,,,,Special,,,,,,,,,,711000,,,,,,,,,,,,,,,,,
Phase Torpedo,XLII_phasetorp_launcher,,,,1200,,1000,,125,,,,,,HIGH_EXPLOSIVE,0,,0,0,1,,,,,,,250,0,9,400,,,SYSTEM,"no_drop, no_drop_salvage, hide_in_codex, restricted",,Draconis,,Phase Torpedo,Very Slow,Very Poor,,,,,,,TRUE,711000,,,,,,,,,,,,,,,,,
Sabre MRM Launcher,XLII_sabre,,,,2500,,350,,15,,,,,,HIGH_EXPLOSIVE,0,,0,0,1,,,,,,,350,350,16,250,,,SYSTEM,"no_drop, no_drop_salvage, hide_in_codex, restricted",,Draconis,,Suppression,Medium,Good,,,,,,,,711000,,,,,,,,,,,,,,,,,
SLAP-ER Cruise Missile,XLII_SLAP-ER_deployer,,,,100000,,0,,0,,,,,,FRAGMENTATION,0,,0,0,1,,,,,,,400,150,600,250,,,SYSTEM,"no_drop, no_drop_salvage, hide_in_codex, restricted",,Draconis,,,,,,,,,,,,711000,,,,,,,,,,,,,,,,,
Mist Cloud Anchor,XLII_mist_anchor,,,,100000,,0,,0,,,,,,FRAGMENTATION,0,,0,0,1,,,,,,,0,0,0,100000,,,SYSTEM,"no_drop, no_drop_salvage, hide_in_codex, restricted",,Draconis,,,,,,,,,,,,711000,,,,,,,,,,,,,,,,,
,,,,,,,,,,,,,,,,,,,,,,,,,,,,,,,,,,,,,,,,,,,,,,,,,,,,,,,,,,,,,,,,,
#DECORATIVE WEAPONS,,,,,,,,,,,,,,,,,,,,,,,,,,,,,,,,,,,,,,,,,,,,,,,,,,,,,,,,,,,,,,,,,
Vernier Thrusters (Draconis),XLII_vernier,,,,1,1,,,,,,,,,,,,,10,,,,,,,,,,,,,,SYSTEM,"no_drop, no_drop_salvage, hide_in_codex, restricted",,Draconis,,,,,,,,,,,,711000,,,,,,,,,,,,,,,,,
Rotodome Radar (Draconis),XLII_radar_dish,,,,,,,,,0.1,,,,,,,,,,,,,,,,,,,,,,,SYSTEM,"no_drop, no_drop_salvage, hide_in_codex, restricted",,Draconis,,,,,,,,,,,,711000,,,,,,,,,,,,,,,,,
Assault Drone Cover (Draconis),XLII_drone_assault_cover,,,,,,,,,,,,,,,,,,,,,,,,,,,,,,,,SYSTEM,"no_drop, no_drop_salvage, hide_in_codex, restricted",,Draconis,,,,,,,,,,,,711000,,,,,,,,,,,,,,,,,
Blinker Blue (Draconis),XLII_blinker_blue,,,,,,,,,,,,,,,,,,,,,,,,,,,,,,,,SYSTEM,"no_drop, no_drop_salvage, hide_in_codex, restricted",,Draconis,,,,,,,,,,,,711000,,,,,,,,,,,,,,,,,
Winglet L (Draconis),XLII_wing_L,,,,1,1,,,,,,,,,,,,,10,,,,,,,,,,,,,,SYSTEM,"no_drop, no_drop_salvage, hide_in_codex, restricted",,Draconis,,,,,,,,,,,,711000,,,,,,,,,,,,,,,,,
Winglet R (Draconis),XLII_wing_R,,,,1,1,,,,,,,,,,,,,10,,,,,,,,,,,,,,SYSTEM,"no_drop, no_drop_salvage, hide_in_codex, restricted",,Draconis,,,,,,,,,,,,711000,,,,,,,,,,,,,,,,,
Pusher Plate (Draconis),XLII_pusherplate,,,,,,,,,,,,,,,,,,,,,,,,,,,,,,,,SYSTEM,pusherplate,,,,,,,,,,,,,,711000,,,,,,,,,,,,,,,,,
,,,,,,,,,,,,,,,,,,,,,,,,,,,,,,,,,,,,,,,,,,,,,,,,,,,,,,,,,,,,,,,,,
,,,,,,,,,,,,,,,,,,,,,,,,,,,,,,,,,,,,,,,,,,,,,,,,,,,,,,,,,,,,,,,,,
,,,,,,,,,,,,,,,,,,,,,,,,,,,,,,,,,,,,,,,,,,,,,,,,,,,,,,,,,,,,,,,,,
,,,,,,,,,,,,,,,,,,,,,,,,,,,,,,,,,,,,,,,,,,,,,,,,,,,,,,,,,,,,,,,,,
,,,,,,,,,,,,,,,,,,,,,,,,,,,,,,,,,,,,,,,,,,,,,,,,,,,,,,,,,,,,,,,,,
,,,,,,,,,,,,,,,,,,,,,,,,,,,,,,,,,,,,,,,,,,,,,,,,,,,,,,,,,,,,,,,,,
,,,,,,,,,,,,,,,,,,,,,,,,,,,,,,,,,,,,,,,,,,,,,,,,,,,,,,,,,,,,,,,,,
,,,,,,,,,,,,,,,,,,,,,,,,,,,,,,,,,,,,,,,,,,,,,,,,,,,,,,,,,,,,,,,,,
